Trade No,Cumulative PnL INR
1,-817.5
2,-1507.5
3,-4606.5
4,-2400.0
5,-5203.5
6,-8230.5
7,-3801.0
8,10617.0
9,2871.0
10,15466.5
11,12453.0
12,10104.0
13,6826.5
14,8224.5
15,3957.0
16,21102.0
17,25129.5
18,18940.5
19,39042.0
20,40255.5
21,52827.0
22,47400.0
23,43113.0
24,42678.0
25,50466.0
26,45024.0
27,53068.5
28,57285.0
29,57807.0
30,63747.0
31,63030.0
32,75034.5
33,75219.0
34,72742.5
35,78067.5
36,76459.5
37,70095.0
38,66789.0
39,71784.0
40,69778.5
41,65911.5
42,63267.0
43,69303.0
44,83089.5
45,76801.5
46,89253.0
47,83508.0
48,79597.5
49,75937.5
50,82345.5
51,99775.5
52,95347.5
53,100879.5
54,96208.5
55,96531.0
56,92080.5
57,88072.5
58,87801.0
59,94344.0
60,96355.5
61,94599.0
62,98136.0
63,92182.5
64,88669.5
65,111115.5
66,107859.0
67,118131.0
68,111013.5
69,106107.0
70,118822.5
71,118714.5
72,123522.0
73,120667.5
74,118999.5
75,118618.5
76,115513.5
77,113256.0
78,110109.0
79,107032.5
80,113091.0
81,109033.5
82,106761.0
83,105355.5
84,104328.0
85,101716.5
86,103930.5
87,113244.0
88,109227.0
89,110806.5
90,108648.0
91,111529.5
92,107044.5
93,103908.0
94,98203.5
95,97314.0
96,102774.0
97,100600.5
98,94696.5
99,100912.5
100,111045.0
101,109467.0
102,110976.0
103,106371.0
104,102999.0
105,125494.5
106,133969.5
107,135840.0
108,131743.5
109,126729.0
110,124698.0
111,117612.0
112,118989.0
113,114160.5
114,115645.5
115,112453.5
116,112645.5
117,109678.5
118,108220.5
119,107839.5
120,111678.0
121,108793.5
122,104707.5
123,112782.0
124,110577.0
125,107245.5
126,111090.0
127,110266.5
128,115083.0
129,142165.5
130,137217.0
131,136117.5
132,135822.0
133,140169.0
134,138289.5
135,132861.0
136,133744.5
137,130044.0
138,126550.5
139,135588.0
140,136488.0
141,133557.0
142,128926.5
143,126465.0
144,130492.5
145,127425.0
146,124326.0
147,119191.5
148,120496.5
149,117372.0
150,131091.0
151,128025.0
152,125640.0
153,122155.5
154,120678.0
155,120451.5
156,120691.5
157,123303.0
158,108933.0
159,105918.0
160,110454.0
161,107221.5
162,117169.5
163,113457.0
164,111022.5
165,107499.0
166,101673.0
167,98743.5
168,104595.0
169,110946.0
170,105559.5
171,101401.5
172,109164.0
173,108214.5
174,106962.0
175,104379.0
176,110977.5
177,109065.0
178,107404.5
179,112239.0
180,112524.0
181,118470.0
182,124023.0
183,123276.0
184,120414.0
185,137890.5
186,136974.0
187,135478.5
188,133944.0
189,129561.0
190,130009.5
191,127116.0
192,132907.5
193,127765.5
194,127869.0
195,125298.0
196,118782.0
197,111867.0
198,111099.0
199,111666.0
200,112141.5
201,112245.0
202,112695.0
203,132034.5
204,125325.0
205,120760.5
206,135303.0
207,133188.0
208,128839.5
209,148728.0
210,129049.5
211,136164.0
212,124621.5
213,117822.0
214,118921.5
215,114171.0
216,111604.5
217,106519.5
218,113031.0
219,118542.0
220,115690.5
221,138802.5
222,138699.0
223,134337.0
224,127041.0
225,131571.0
226,127576.5
227,128248.5
228,147145.5
229,153615.0
230,158533.5
231,154708.5
232,157750.5
233,156168.0
234,152673.0
235,149278.5
236,168325.5
237,170076.0
238,172113.0
239,183985.5
240,183613.5
241,180033.0
242,180985.5
243,186037.5
244,191613.0
245,186285.0
246,178411.5
247,172857.0
248,167349.0
249,161137.5
250,167649.0
251,166785.0
252,163407.0
253,158610.0
254,156471.0
255,153405.0
256,150829.5
257,151825.5
258,154129.5
259,152728.5
260,156153.0
261,153334.5
262,150552.0
263,153619.5
264,158065.5
265,159001.5
266,156996.0
267,169686.0
268,166243.5
269,164061.0
270,163285.5
271,160881.0
272,161581.5
273,160474.5
274,157102.5
275,162874.5
276,159844.5
277,158226.0
278,146850.0
279,138948.0
280,137674.5
281,136662.0
282,131836.5
283,127204.5
284,132762.0
285,132133.5
286,130399.5
287,135220.5
288,137152.5
289,134448.0
290,135748.5
291,136509.0
292,133431.0
293,131106.0
294,129871.5
295,127690.5
296,130822.5
297,127960.5
298,130350.0
299,134218.5
300,131211.0
301,130206.0
302,128274.0
303,132897.0
304,130434.0
305,127095.0
306,125131.5
307,127356.0
308,125760.0
309,123951.0
310,119698.5
311,120322.5
312,117696.0
313,124563.0
314,122836.5
315,122728.5
316,128787.0
317,123895.5
318,119356.5
319,114829.5
320,113415.0
321,112191.0
322,117291.0
323,117087.0
324,115654.5
325,113416.5
326,114675.0
327,112887.0
328,111960.0
329,113781.0
330,113155.5
331,121824.0
332,118138.5
333,115462.5
334,113197.5
335,121615.5
336,112542.0
337,108970.5
338,107787.0
339,112234.5
340,109863.0
341,110382.0
342,105798.0
343,103651.5
344,102637.5
345,113770.5
346,107206.5
347,103476.0
348,97176.0
349,98146.5
350,102091.5
351,100141.5
352,112209.0
353,110475.0
354,108589.5
355,107890.5
356,104058.0
357,105882.0
358,107595.0
359,107698.5
360,103005.0
361,111685.5
362,108502.5
363,105522.0
364,113890.5
365,121750.5
366,115036.5
367,117981.0
368,112741.5
369,127267.5
370,125415.0
371,116805.0
372,121782.0
373,130387.5
374,125883.0
375,122248.5
376,126783.0
377,123450.0
378,123262.5
379,135282.0
380,132514.5
381,136885.5
382,139596.0
383,135634.5
384,128730.0
385,121120.5
386,155466.0
387,151764.0
388,154252.5
389,157726.5
390,159015.0
391,157662.0
392,154486.5
393,151095.0
394,149350.5
395,148815.0
396,150468.0
397,147040.5
398,144127.5
399,144165.0
400,152037.0
401,153007.5
402,163188.0
403,161310.0
404,158946.0
405,157269.0
406,154522.5
407,157840.5
408,156484.5
409,151549.5
410,162235.5
411,162616.5
412,161665.5
413,160363.5
414,158751.0
415,173182.5
416,170821.5
417,170889.0
418,179409.0
419,170116.5
420,173386.5
421,173503.5
422,171478.5
423,167401.5
424,177955.5
425,177048.0
426,175333.5
427,173320.5
428,170571.0
429,167931.0
430,174045.0
431,171382.5
432,168120.0
433,170164.5
434,163992.0
435,159373.5
436,155172.0
437,153358.5
438,150451.5
439,154935.0
440,151321.5
441,149428.5
442,144511.5
443,141342.0
444,150475.5
445,146010.0
446,144642.0
447,140425.5
448,140178.0
449,138646.5
450,137041.5
451,146017.5
452,152292.0
453,154911.0
454,153820.5
455,157950.0
456,156267.0
457,155916.0
458,187186.5
459,184777.5
460,182608.5
461,183585.0
462,189408.0
463,186637.5
464,190702.5
465,188397.0
466,185899.5
467,182488.5
468,179500.5
469,188481.0
470,192754.5
471,194533.5
472,194623.5
473,194037.0
474,193135.5
475,193206.0
476,192105.0
477,191487.0
478,176650.5
479,177280.5
480,187585.5
481,185064.0
482,183213.0
483,179764.5
484,190876.5
485,188280.0
486,187182.0
487,186238.5
488,185383.5
489,187234.5
490,204955.5
491,202779.0
492,206979.0
493,203707.5
494,208384.5
495,210439.5
496,207258.0
497,205098.0
498,203932.5
499,210321.0
500,207517.5
501,202675.5
502,207690.0
503,206379.0
504,205080.0
505,201150.0
506,199816.5
507,200049.0
508,194788.5
509,195150.0
510,190384.5
511,187738.5
512,181515.0
513,180187.5
514,189381.0
515,196401.0
516,193866.0
517,189013.5
518,193834.5
519,191229.0
520,191803.5
521,187747.5
522,194556.0
523,192646.5
524,188569.5
525,186859.5
526,184752.0
527,183676.5
528,184629.0
529,189663.0
530,207886.5
531,205548.0
532,221067.0
533,216759.0
534,212929.5
535,217753.5
536,203509.5
537,200817.0
538,199608.0
539,199278.0
540,206370.0
541,212109.0
542,210946.5
543,200097.0
544,194329.5
545,204744.0
546,201609.0
547,200982.0
548,201568.5
549,196675.5
550,192102.0
551,202108.5
552,210000.0
553,206331.0
554,203163.0
555,207040.5
556,204960.0
557,216478.5
558,220555.5
559,216561.0
560,221074.5
561,219643.5
562,223444.5
563,222180.0
564,227767.5
565,226984.5
566,221109.0
567,229254.0
568,230037.0
569,225409.5
570,223588.5
571,221103.0
572,218796.0
573,225160.5
574,222853.5
575,220929.0
576,204388.5
577,191782.5
578,220053.0
579,214270.5
580,204856.5
581,224436.0
582,217831.5
583,232891.5
584,227686.5
585,225960.0
586,224362.5
587,225073.5
588,221625.0
589,217617.0
590,212841.0
591,207057.0
592,204645.0
593,203418.0
594,201172.5
595,200803.5
596,201373.5
597,198690.0
598,201912.0
599,210007.5
600,209769.0
601,208831.5
602,204568.5
603,196374.0
604,197089.5
605,193392.0
606,193300.5
607,197965.5
608,195388.5
609,192979.5
610,188595.0
611,184152.0
612,182080.5
613,188238.0
614,186381.0
615,191104.5
616,189282.0
617,193531.5
618,200478.0
619,201169.5
620,207775.5
621,213207.0
622,210565.5
623,206979.0
624,206554.5
625,204055.5
626,200851.5
627,199434.0
628,223665.0
629,220422.0
630,217005.0
631,213160.5
632,217117.5
633,216918.0
634,219928.5
635,220395.0
636,216603.0
637,221599.5
638,219205.5
639,217357.5
640,241962.0
641,244702.5
642,242692.5
643,236899.5
644,243618.0
645,240954.0
646,240804.0
647,237048.0
648,243807.0
649,242704.5
650,239322.0
651,238873.5
652,234757.5
653,234687.0
654,235285.5
655,233635.5
656,232612.5
657,232308.0
658,245175.0
659,246064.5
660,253417.5
661,251233.5
662,249480.0
663,256573.5
664,261385.5
665,270357.0
666,273508.5
667,271782.0
668,269410.5
669,267367.5
670,265579.5
671,263299.5
672,263499.0
673,261141.0
674,270996.0
675,268263.0
676,268812.0
677,273204.0
678,267573.0
679,267934.5
680,275113.5
681,274882.5
682,277651.5
683,275104.5
684,280276.5
685,277045.5
686,278731.5
687,278320.5
688,274956.0
689,274680.0
690,277740.0
691,274590.0
692,272337.0
693,269335.5
694,272340.0
695,280525.5
696,277776.0
697,275620.5
698,286888.5
699,283690.5
700,286111.5
701,281466.0
702,279214.5
703,276960.0
704,279015.0
705,279639.0
706,290590.5
707,289390.5
708,288469.5
709,286548.0
710,289618.5
711,292008.0
712,291759.0
713,288894.0
714,287707.5
715,284086.5
716,278952.0
717,278301.0
718,275988.0
719,272083.5
720,268089.0
721,269766.0
722,266428.5
723,264591.0
724,284067.0
725,283614.0
726,284004.0
727,283338.0
728,285816.0
729,283917.0
730,286797.0
731,284616.0
732,283515.0
733,284985.0
734,284040.0
735,284343.0
736,282300.0
737,282057.0
738,281049.0
739,278412.0
740,283998.0
741,284040.0
742,287149.5
743,304026.0
744,303250.5
745,301275.0
746,302277.0
747,305958.0
748,306564.0
749,303898.5
750,303813.0
751,301234.5
752,303766.5
753,302905.5
754,305443.5
755,300814.5
756,298765.5
757,299764.5
758,306045.0
759,303657.0
760,307416.0
761,304816.5
762,306418.5
763,305499.0
764,325627.5
765,328288.5
766,334762.5
767,331722.0
768,330547.5
769,340558.5
770,343270.5
771,352098.0
772,346597.5
773,348720.0
774,339862.5
775,335875.5
776,335139.0
777,335703.0
778,342222.0
779,344496.0
780,340482.0
781,340764.0
782,335139.0
783,329062.5
784,334419.0
785,333667.5
786,333520.5
787,333354.0
788,337182.0
789,340972.5
790,340575.0
791,338161.5
792,333144.0
793,330429.0
794,330334.5
795,326835.0
796,340669.5
797,338074.5
798,335727.0
799,334698.0
800,338764.5
801,337669.5
802,335662.5
803,340891.5
804,333091.5
805,345508.5
806,342418.5
807,340041.0
808,340356.0
809,350109.0
810,359049.0
811,357799.5
812,355581.0
813,352968.0
814,352171.5
815,349705.5
816,348838.5
817,345373.5
818,345873.0
819,350356.5
820,364891.5
821,359724.0
822,350668.5
823,344361.0
824,341892.0
825,350635.5
826,348475.5
827,354535.5
828,356533.5
829,334641.0
830,335541.0
831,334143.0
832,330954.0
833,326487.0
834,340960.5
835,340057.5
836,341727.0
837,339447.0
838,333973.5
839,336100.5
840,331408.5
841,329365.5
842,326059.5
843,323164.5
844,326002.5
845,320664.0
846,316776.0
847,318208.5
848,313165.5
849,311025.0
850,308112.0
851,304999.5
852,319321.5
853,319597.5
854,319530.0
855,318709.5
856,316273.5
857,315754.5
858,314592.0
859,311959.5
860,313990.5
861,338164.5
862,337710.0
863,337855.5
864,347086.5
865,344745.0
866,339756.0
867,340213.5
868,337731.0
869,340675.5
870,335626.5
871,319471.5
872,322647.0
873,316162.5
874,312895.5
875,312702.0
876,310932.0
877,309136.5
878,307764.0
879,310135.5
880,307636.5
881,309354.0
882,308499.0
883,306738.0
884,314428.5
885,312973.5
886,310896.0
887,311092.5
888,308608.5
889,305713.5
890,306376.5
891,305049.0
892,313117.5
893,310438.5
894,326650.5
895,325176.0
896,343648.5
897,339448.5
898,334947.0
899,333225.0
900,338223.0
901,344314.5
902,346878.0
903,342480.0
904,332917.5
905,387141.0
906,396160.5
907,391644.0
908,392673.0
909,402360.0
910,402519.0
911,402094.5
912,397360.5
913,396943.5
914,398593.5
915,396405.0
916,389320.5
917,399255.0
918,398362.5
919,398971.5
920,394726.5
921,390153.0
922,408586.5
923,423577.5
924,423094.5
925,429064.5
926,428680.5
927,445380.0
928,439240.5
929,434110.5
930,436069.5
931,431352.0
932,440665.5
933,444943.5
934,450463.5
935,463509.0
936,462223.5
937,464986.5
938,461335.5
939,472983.0
940,489363.0
941,484515.0
942,479100.0
943,479115.0
944,485776.5
945,487599.0
946,507451.5
947,506967.0
948,503386.5
949,498679.5
950,503521.5
951,505260.0
952,505602.0
953,503140.5
954,501244.5
955,511200.0
956,508081.5
957,502125.0
958,499119.0
959,494610.0
960,490626.0
961,487522.5
962,484696.5
963,484629.0
964,481603.5
965,479563.5
966,496641.0
967,493569.0
968,492472.5
969,491353.5
970,502633.5
971,498562.5
972,498310.5
973,494548.5
974,499345.5
975,496864.5
976,503397.0
977,514741.5
978,511426.5
979,518260.5
980,514312.5
981,515568.0
982,513264.0
983,509004.0
984,506461.5
985,506709.0
986,506712.0
987,501745.5
988,520915.5
989,530991.0
990,529848.0
991,525850.5
992,537210.0
993,532770.0
994,525888.0
995,536515.5
996,534898.5
997,530331.0
998,537270.0
999,543864.0
1000,548680.5
1001,547342.5
1002,544449.0
1003,541338.0
1004,542187.0
1005,543207.0
1006,540057.0
1007,544810.5
1008,549721.5
1009,547720.5
1010,546823.5
1011,548023.5
1012,551556.0
1013,550260.0
1014,547146.0
1015,549958.5
1016,545875.5
1017,544804.5
1018,544149.0
1019,547968.0
1020,546861.0
1021,544206.0
1022,550806.0
1023,547836.0
1024,545118.0
1025,540642.0
1026,546799.5
1027,541305.0
1028,541432.5
1029,548934.0
1030,555574.5
1031,555451.5
1032,550590.0
1033,549022.5
1034,550474.5
1035,547824.0
1036,554053.5
1037,549529.5
1038,559380.0
1039,558738.0
1040,555244.5
1041,559143.0
1042,569854.5
1043,565333.5
1044,565605.0
1045,563830.5
1046,567574.5
1047,564984.0
1048,561124.5
1049,569278.5
1050,565828.5
1051,559867.5
1052,555789.0
1053,550705.5
1054,557676.0
1055,557191.5
1056,554212.5
1057,556153.5
1058,552313.5
1059,547582.5
1060,549219.0
1061,546432.0
1062,544264.5
1063,546715.5
1064,543046.5
1065,540103.5
1066,536275.5
1067,555904.5
1068,555334.5
1069,550671.0
1070,544945.5
1071,538530.0
1072,534396.0
1073,535485.0
1074,530622.0
1075,542434.5
1076,546076.5
1077,546097.5
1078,542721.0
1079,551776.5
1080,545100.0
1081,580561.5
1082,575736.0
1083,568414.5
1084,571251.0
1085,565495.5
1086,556854.0
1087,553552.5
1088,549537.0
1089,553212.0
1090,560616.0
1091,573838.5
1092,570340.5
1093,571551.0
1094,568186.5
1095,558574.5
1096,551493.0
1097,543595.5
1098,538698.0
1099,523165.5
1100,522735.0
1101,518268.0
1102,515311.5
1103,507331.5
1104,508386.0
1105,500169.0
1106,493273.5
1107,503332.5
1108,504054.0
1109,512161.5
1110,512659.5
1111,509913.0
1112,502537.5
1113,510507.0
1114,518206.5
1115,520624.5
1116,548445.0
1117,546988.5
1118,544684.5
1119,542536.5
1120,541815.0
1121,547294.5
1122,557329.5
1123,553677.0
1124,558103.5
1125,553570.5
1126,552211.5
1127,554148.0
1128,554013.0
1129,555888.0
1130,560917.5
1131,557415.0
1132,559123.5
1133,555562.5
1134,562071.0
1135,557160.0
1136,552399.0
1137,567307.5
1138,563835.0
1139,560787.0
1140,562096.5
1141,556515.0
1142,548308.5
1143,556692.0
1144,581991.0
1145,576765.0
1146,574935.0
1147,571866.0
1148,567586.5
1149,565701.0
1150,572965.5
1151,571153.5
1152,568209.0
1153,577171.5
1154,572886.0
1155,576802.5
1156,588153.0
1157,584647.5
1158,585037.5
1159,582298.5
1160,584563.5
1161,589461.0
1162,589161.0
1163,580497.0
1164,579553.5
1165,579673.5
1166,586170.0
1167,582948.0
1168,578712.0
1169,579396.0
1170,572266.5
1171,571747.5
1172,577489.5
1173,577578.0
1174,576838.5
1175,573361.5
1176,570486.0
1177,569293.5
1178,568138.5
1179,573414.0
1180,573145.5
1181,592207.5
1182,595431.0
1183,589843.5
1184,599940.0
1185,606784.5
1186,612534.0
1187,608644.5
1188,609208.5
1189,610086.0
1190,607510.5
1191,607174.5
1192,601470.0
1193,604203.0
1194,599368.5
1195,601017.0
1196,597885.0
1197,595479.0
1198,598218.0
1199,598069.5
1200,595170.0
1201,590199.0
1202,590989.5
1203,589611.0
1204,586059.0
1205,584365.5
1206,584631.0
1207,579064.5
1208,576613.5
1209,578551.5
1210,577930.5
1211,575160.0
1212,589176.0
1213,585981.0
1214,587025.0
1215,583146.0
1216,579591.0
1217,573058.5
1218,601833.0
1219,597073.5
1220,607275.0
1221,596173.5
1222,588541.5
1223,583287.0
1224,583387.5
1225,579088.5
1226,578227.5
1227,590832.0
1228,608179.5
1229,598630.5
1230,606237.0
1231,608566.5
1232,605931.0
1233,610731.0
1234,603477.0
1235,598312.5
1236,592116.0
1237,588604.5
1238,588978.0
1239,594510.0
1240,598063.5
1241,602143.5
1242,597657.0
1243,593035.5
1244,600162.0
1245,592975.5
1246,597535.5
1247,597774.0
1248,594054.0
1249,608632.5
1250,604939.5
1251,607902.0
1252,617329.5
1253,619720.5
1254,617790.0
1255,617091.0
1256,614761.5
1257,610570.5
1258,612678.0
1259,617739.0
1260,612309.0
1261,623275.5
1262,615604.5
1263,615762.0
1264,616248.0
1265,621781.5
1266,620137.5
1267,620857.5
1268,677706.0
1269,679425.0
1270,699420.0
1271,712798.5
1272,733015.5
1273,729300.0
1274,724714.5
1275,723004.5
1276,722191.5
1277,714046.5
1278,710344.5
1279,713175.0
1280,710367.0
1281,705022.5
1282,704121.0
1283,721482.0
1284,717426.0
1285,709993.5
1286,705865.5
1287,700357.5
1288,700594.5
1289,711702.0
1290,712849.5
1291,711561.0
1292,707103.0
1293,716037.0
1294,716041.5
1295,710764.5
1296,708763.5
1297,709731.0
1298,713019.0
1299,710892.0
1300,731323.5
1301,734757.0
1302,731361.0
1303,726922.5
1304,728757.0
1305,730623.0
1306,737173.5
1307,734455.5
1308,728472.0
1309,751614.0
1310,749187.0
1311,747535.5
1312,748285.5
1313,744948.0
1314,744937.5
1315,752496.0
1316,753375.0
1317,749976.0
1318,751902.0
1319,749526.0
1320,745957.5
1321,784212.0
1322,777802.5
1323,771909.0
1324,766653.0
1325,770494.5
1326,769552.5
1327,766171.5
1328,770074.5
1329,768456.0
1330,768759.0
1331,782358.0
1332,778078.5
1333,788932.5
1334,780822.0
1335,777202.5
1336,763078.5
1337,763473.0
1338,769602.0
1339,762151.5
1340,753609.0
1341,757594.5
1342,778029.0
1343,792732.0
1344,788074.5
1345,780615.0
1346,788917.5
1347,797632.5
1348,792406.5
1349,816702.0
1350,812725.5
1351,798538.5
1352,785499.0
1353,772413.0
1354,790854.0
1355,805746.0
1356,799692.0
1357,796597.5
1358,786589.5
1359,791328.0
1360,795448.5
1361,795541.5
1362,795403.5
1363,785937.0
1364,788083.5
1365,783081.0
1366,791254.5
1367,790629.0
1368,790056.0
1369,805798.5
1370,802014.0
1371,811110.0
1372,870327.0
1373,834772.5
1374,842515.5
1375,845461.5
1376,833565.0
1377,832767.0
1378,824803.5
1379,819388.5
1380,825369.0
1381,822696.0
1382,810294.0
1383,820450.5
1384,813610.5
1385,823054.5
1386,808366.5
1387,796753.5
1388,786312.0
1389,795805.5
1390,793111.5
1391,789663.0
1392,803217.0
1393,806637.0
1394,801243.0
1395,800307.0
1396,802384.5
1397,798222.0
1398,800430.0
1399,796485.0
1400,820309.5
1401,815997.0
1402,811111.5
1403,803475.0
1404,794220.0
1405,797043.0
1406,812440.5
1407,802914.0
1408,798402.0
1409,792349.5
1410,793324.5
1411,790443.0
1412,793693.5
1413,799591.5
1414,811210.5
1415,806233.5
1416,810484.5
1417,808504.5
1418,809112.0
1419,818494.5
1420,813955.5
1421,807621.0
1422,816129.0
1423,810868.5
1424,803662.5
1425,798705.0
1426,805690.5
1427,803263.5
1428,800317.5
1429,802567.5
1430,814803.0
1431,811842.0
1432,819243.0
1433,820620.0
1434,815286.0
1435,812094.0
1436,807718.5
1437,810486.0
1438,805731.0
1439,798069.0
1440,795126.0
1441,790726.5
1442,790890.0
1443,801334.5
1444,798417.0
1445,799482.0
1446,794260.5
1447,790687.5
1448,810942.0
1449,807541.5
1450,809824.5
1451,807799.5
1452,805522.5
1453,799849.5
1454,800824.5
1455,799530.0
1456,796015.5
1457,799803.0
1458,809229.0
1459,813283.5
1460,808948.5
1461,804729.0
1462,800161.5
1463,798129.0
1464,799087.5
1465,803527.5
1466,791644.5
1467,790240.5
1468,780742.5
1469,780475.5
1470,765381.0
1471,756010.5
1472,784444.5
1473,782131.5
1474,777658.5
1475,777901.5
1476,774979.5
1477,781630.5
1478,781317.0
1479,779086.5
1480,770305.5
1481,766417.5
1482,761550.0
1483,775324.5
1484,768916.5
1485,769615.5
1486,781443.0
1487,789469.5
1488,786304.5
1489,784623.0
1490,783699.0
1491,788679.0
1492,787927.5
1493,782869.5
1494,776577.0
1495,793314.0
1496,811753.5
1497,805963.5
1498,814807.5
1499,811897.5
1500,806166.0
1501,799578.0
1502,798637.5
1503,793063.5
1504,791173.5
1505,792280.5
1506,787264.5
1507,793857.0
1508,785119.5
1509,794074.5
1510,809701.5
1511,826885.5
1512,824955.0
1513,830316.0
1514,813345.0
1515,814560.0
1516,811356.0
1517,804715.5
1518,795895.5
1519,800235.0
1520,792576.0
1521,803679.0
1522,809863.5
1523,837834.0
1524,812205.0
1525,822430.5
1526,779542.5
1527,847954.5
1528,892090.5
1529,1013935.5
1530,1001998.5
1531,990541.5
1532,987066.0
1533,1061254.5
1534,1032982.5
1535,1022317.5
1536,1015980.0
1537,997246.5
1538,1064902.5
1539,1029975.0
1540,1010385.0
1541,1005669.0
1542,969775.5
1543,974031.0
1544,971973.0
1545,995721.0
1546,1006638.0
1547,986862.0
1548,980577.0
1549,965634.0
1550,952996.5
1551,934045.5
1552,926719.5
1553,920592.0
1554,907749.0
1555,890199.0
1556,885724.5
1557,901770.0
1558,918141.0
1559,907486.5
1560,919461.0
1561,949995.0
1562,941296.5
1563,934282.5
1564,929311.5
1565,920553.0
1566,932958.0
1567,923166.0
1568,904399.5
1569,898132.5
1570,889825.5
1571,879711.0
1572,909987.0
1573,890097.0
1574,893568.0
1575,940689.0
1576,929314.5
1577,927876.0
1578,921364.5
1579,928597.5
1580,928420.5
1581,916216.5
1582,910647.0
1583,910605.0
1584,900475.5
1585,919653.0
1586,945592.5
1587,938799.0
1588,923188.5
1589,919297.5
1590,913840.5
1591,920917.5
1592,908749.5
1593,927477.0
1594,923934.0
1595,926293.5
1596,934228.5
1597,936408.0
1598,924055.5
1599,927516.0
1600,929472.0
1601,923776.5
1602,970374.0
1603,972285.0
1604,997689.0
1605,991947.0
1606,1026352.5
1607,1045050.0
1608,1066848.0
1609,1066150.5
1610,1060728.0
1611,1067790.0
1612,1065306.0
1613,1086670.5
1614,1085064.0
1615,1088239.5
1616,1093843.5
1617,1094686.5
1618,1094941.5
1619,1090666.5
1620,1111315.5
1621,1096186.5
1622,1100398.5
1623,1090983.0
1624,1094326.5
1625,1090359.0
1626,1080718.5
1627,1092931.5
1628,1082428.5
1629,1071864.0
1630,1063165.5
1631,1059664.5
1632,1058629.5
1633,1052913.0
1634,1066798.5
1635,1060873.5
1636,1055742.0
1637,1049236.5
1638,1050073.5
1639,1050033.0
1640,1063522.5
1641,1058793.0
1642,1055142.0
1643,1058823.0
1644,1049979.0
1645,1071870.0
1646,1075414.5
1647,1083492.0
1648,1109311.5
1649,1097271.0
1650,1098978.0
1651,1094071.5
1652,1089084.0
1653,1092627.0
1654,1085674.5
1655,1095501.0
1656,1086345.0
1657,1080099.0
1658,1085541.0
1659,1112856.0
1660,1126468.5
1661,1125574.5
1662,1122871.5
1663,1119081.0
1664,1121499.0
1665,1111288.5
1666,1107696.0
1667,1101115.5
1668,1101361.5
1669,1120662.0
1670,1139125.5
1671,1140969.0
1672,1161760.5
1673,1154680.5
1674,1150999.5
1675,1143036.0
1676,1152663.0
1677,1145824.5
1678,1167661.5
1679,1188108.0
1680,1178413.5
1681,1164118.5
1682,1152456.0
1683,1145590.5
1684,1139911.5
1685,1151682.0
1686,1146691.5
1687,1149870.0
1688,1144834.5
1689,1161355.5
1690,1167451.5
1691,1166949.0
1692,1162540.5
1693,1160212.5
1694,1160874.0
1695,1162903.5
1696,1159266.0
1697,1153645.5
1698,1150378.5
1699,1186867.5
1700,1180933.5
1701,1188115.5
1702,1213063.5
1703,1213717.5
1704,1208451.0
1705,1204870.5
1706,1236754.5
1707,1231248.0
1708,1230264.0
1709,1222644.0
1710,1233840.0
1711,1231369.5
1712,1244596.5
1713,1256487.0
1714,1264732.5
1715,1273659.0
1716,1309270.5
1717,1309387.5
1718,1303579.5
1719,1293793.5
1720,1283512.5
1721,1289167.5
1722,1300354.5
1723,1308940.5
1724,1301775.0
1725,1296334.5
1726,1290415.5
1727,1292443.5
1728,1337469.0
1729,1332034.5
1730,1359715.5
1731,1340164.5
1732,1379191.5
1733,1372315.5
1734,1368508.5
1735,1363990.5
1736,1356886.5
1737,1366455.0
1738,1382667.0
1739,1372327.5
1740,1381044.0
1741,1393512.0
1742,1394047.5
1743,1383349.5
1744,1373508.0
1745,1363036.5
1746,1378699.5
1747,1398187.5
1748,1411275.0
1749,1417699.5
1750,1421232.0
1751,1417902.0
1752,1417774.5
1753,1416094.5
1754,1427763.0
1755,1421385.0
1756,1428582.0
1757,1432608.0
1758,1433640.0
1759,1424427.0
1760,1419343.5
1761,1420192.5
1762,1423351.5
1763,1418233.5
1764,1414471.5
1765,1415695.5
1766,1405183.5
1767,1432686.0
1768,1484013.0
1769,1478758.5
1770,1474669.5
1771,1472808.0
1772,1471467.0
1773,1466667.0
1774,1463416.5
1775,1457511.0
1776,1452528.0
1777,1451217.0
1778,1464471.0
1779,1453546.5
1780,1450344.0
1781,1445349.0
1782,1441045.5
1783,1439332.5
1784,1448365.5
1785,1444624.5
1786,1443372.0
1787,1445601.0
1788,1438360.5
1789,1431318.0
1790,1421071.5
1791,1417992.0
1792,1408696.5
1793,1403704.5
1794,1415626.5
1795,1406544.0
1796,1405650.0
1797,1440072.0
1798,1427073.0
1799,1410771.0
1800,1398577.5
1801,1434447.0
1802,1449381.0
1803,1432750.5
1804,1533067.5
1805,1530324.0
1806,1566510.0
1807,1548838.5
1808,1536808.5
1809,1533162.0
1810,1534312.5
1811,1540533.0
1812,1532697.0
1813,1521618.0
1814,1524144.0
1815,1507438.5
1816,1526797.5
1817,1530498.0
1818,1520262.0
1819,1506208.5
1820,1499040.0
1821,1510270.5
1822,1498024.5
1823,1488079.5
1824,1475103.0
1825,1492059.0
1826,1477836.0
1827,1468218.0
1828,1507219.5
1829,1555579.5
1830,1544034.0
1831,1528102.5
1832,1522053.0
1833,1512346.5
1834,1507900.5
1835,1500070.5
1836,1505455.5
1837,1497534.0
1838,1498102.5
1839,1510215.0
1840,1501656.0
1841,1495005.0
1842,1485142.5
1843,1466778.0
1844,1465495.5
1845,1459696.5
1846,1454922.0
1847,1447443.0
1848,1448361.0
1849,1487458.5
1850,1492660.5
1851,1490001.0
1852,1481742.0
1853,1484796.0
1854,1475782.5
1855,1484685.0
1856,1469881.5
1857,1451535.0
1858,1441003.5
1859,1440606.0
1860,1436952.0
1861,1422948.0
1862,1414137.0
1863,1445022.0
1864,1470204.0
1865,1463710.5
1866,1451716.5
1867,1453213.5
1868,1446913.5
1869,1437895.5
1870,1431927.0
1871,1442860.5
1872,1426957.5
1873,1418925.0
1874,1423938.0
1875,1412662.5
1876,1402393.5
1877,1393311.0
1878,1382649.0
1879,1382796.0
1880,1371622.5
1881,1418979.0
1882,1439994.0
1883,1433658.0
1884,1400190.0
1885,1392657.0
1886,1402833.0
1887,1404279.0
1888,1411995.0
1889,1399152.0
1890,1394268.0
1891,1379107.5
1892,1379389.5
1893,1374285.0
1894,1416651.0
1895,1416111.0
1896,1407613.5
1897,1441833.0
1898,1450341.0
1899,1453426.5
1900,1461160.5
1901,1454706.0
1902,1443061.5
1903,1431190.5
1904,1424164.5
1905,1431376.5
1906,1426203.0
1907,1425735.0
1908,1463688.0
1909,1464486.0
1910,1471567.5
1911,1465830.0
1912,1478122.5
1913,1464732.0
1914,1460622.0
1915,1464498.0
1916,1462705.5
1917,1460853.0
1918,1461165.0
1919,1452015.0
1920,1449685.5
1921,1440907.5
1922,1444794.0
1923,1441611.0
1924,1435438.5
1925,1436167.5
1926,1442047.5
1927,1444005.0
1928,1441399.5
1929,1446289.5
1930,1441695.0
1931,1434684.0
1932,1431679.5
1933,1435689.0
1934,1437708.0
1935,1444458.0
1936,1452952.5
1937,1446001.5
1938,1437769.5
1939,1457644.5
1940,1446439.5
1941,1433974.5
1942,1450710.0
1943,1457355.0
1944,1471803.0
1945,1475571.0
1946,1470085.5
1947,1472580.0
1948,1467151.5
1949,1462315.5
1950,1457803.5
1951,1449433.5
1952,1467730.5
1953,1464952.5
1954,1462396.5
1955,1472598.0
1956,1469830.5
1957,1464360.0
1958,1469131.5
1959,1465180.5
1960,1463580.0
1961,1458586.5
1962,1460578.5
1963,1483030.5
1964,1471933.5
1965,1476943.5
1966,1471926.0
1967,1459872.0
1968,1460142.0
1969,1460736.0
1970,1452037.5
1971,1441153.5
1972,1439764.5
1973,1430790.0
1974,1427604.0
1975,1443258.0
1976,1439646.0
1977,1428835.5
1978,1423812.0
1979,1419831.0
1980,1416361.5
1981,1408989.0
1982,1404105.0
1983,1400418.0
1984,1429950.0
1985,1421491.5
1986,1418844.0
1987,1419867.0
1988,1416144.0
1989,1409347.5
1990,1404147.0
1991,1398948.0
1992,1400875.5
1993,1398651.0
1994,1389093.0
1995,1389660.0
1996,1394155.5
1997,1388019.0
1998,1384114.5
1999,1390291.5
2000,1389903.0
2001,1405108.5
2002,1393689.0
2003,1386822.0
2004,1400295.0
2005,1397517.0
2006,1394092.5
2007,1391638.5
2008,1410475.5
2009,1402491.0
2010,1405486.5
2011,1401678.0
2012,1395064.5
2013,1390468.5
2014,1391532.0
2015,1388421.0
2016,1380270.0
2017,1383924.0
2018,1382659.5
2019,1375498.5
2020,1373430.0
2021,1368228.0
2022,1364509.5
2023,1364242.5
2024,1360711.5
2025,1356177.0
2026,1389183.0
2027,1387033.5
2028,1373536.5
2029,1387989.0
2030,1390756.5
2031,1382971.5
2032,1395739.5
2033,1384170.0
2034,1383951.0
2035,1398874.5
2036,1395832.5
2037,1386718.5
2038,1381375.5
2039,1385778.0
2040,1384698.0
2041,1380312.0
2042,1388436.0
2043,1389084.0
2044,1386312.0
2045,1380009.0
2046,1388122.5
2047,1381224.0
2048,1385296.5
2049,1379343.0
2050,1406110.5
2051,1398546.0
2052,1383175.5
2053,1374261.0
2054,1390201.5
2055,1376082.0
2056,1389043.5
2057,1386877.5
2058,1380309.0
2059,1422679.5
2060,1409193.0
2061,1405195.5
2062,1422799.5
2063,1423107.0
2064,1411567.5
2065,1416987.0
2066,1416736.5
2067,1420803.0
2068,1416024.0
2069,1423825.5
2070,1426366.5
2071,1434418.5
2072,1430022.0
2073,1431066.0
2074,1426221.0
2075,1426020.0
2076,1417213.5
2077,1411561.5
2078,1399773.0
2079,1417779.0
2080,1407483.0
2081,1391986.5
2082,1403352.0
2083,1409623.5
2084,1389738.0
2085,1410454.5
2086,1417924.5
2087,1424859.0
2088,1436596.5
2089,1446547.5
2090,1458739.5
2091,1445028.0
2092,1446648.0
2093,1444048.5
2094,1440054.0
2095,1439530.5
2096,1445968.5
2097,1459560.0
2098,1460247.0
2099,1454310.0
2100,1443552.0
2101,1512394.5
2102,1522819.5
2103,1515829.5
2104,1524967.5
2105,1536177.0
2106,1518957.0
2107,1503807.0
2108,1511832.0
2109,1505101.5
2110,1499169.0
2111,1502397.0
2112,1550385.0
2113,1545934.5
2114,1560573.0
2115,1554786.0
2116,1564543.5
2117,1563513.0
2118,1574400.0
2119,1569184.5
2120,1568949.0
2121,1557193.5
2122,1555671.0
2123,1569235.5
2124,1570059.0
2125,1567330.5
2126,1575559.5
2127,1590642.0
2128,1582753.5
2129,1580908.5
2130,1566069.0
2131,1559247.0
2132,1551330.0
2133,1543747.5
2134,1534359.0
2135,1545477.0
2136,1549983.0
2137,1543218.0
2138,1567548.0
2139,1566784.5
2140,1575325.5
2141,1560132.0
2142,1566250.5
2143,1565892.0
2144,1557193.5
2145,1556949.0
2146,1547175.0
2147,1570702.5
2148,1567584.0
2149,1555875.0
2150,1582810.5
2151,1589673.0
2152,1584336.0
2153,1628709.0
2154,1652670.0
2155,1643971.5
2156,1642038.0
2157,1653295.5
2158,1649139.0
2159,1649065.5
2160,1654759.5
2161,1664505.0
2162,1663357.5
2163,1703580.0
2164,1697317.5
2165,1690006.5
2166,1666120.5
2167,1668054.0
2168,1667686.5
2169,1686909.0
2170,1686156.0
2171,1736296.5
2172,1725177.0
2173,1723134.0
2174,1793599.5
2175,1797618.0
2176,1812381.0
2177,1816470.0
2178,1853758.5
2179,1873227.0
2180,1892793.0
2181,1918035.0
2182,1906350.0
2183,1901862.0
2184,1931361.0
2185,1924977.0
2186,1977517.5
2187,1970869.5
2188,1965915.0
2189,1981923.0
2190,1975377.0
2191,1972048.5
2192,1971663.0
2193,1969203.0
2194,1963827.0
2195,1954191.0
2196,1946893.5
2197,1947172.5
2198,1946995.5
2199,1973982.0
2200,1973584.5
2201,1966434.0
2202,1960249.5
2203,1965132.0
2204,1959405.0
2205,1968166.5
2206,1961250.0
2207,1943046.0
2208,1938921.0
2209,1947636.0
2210,1959297.0
2211,1968424.5
2212,1962133.5
2213,1959391.5
2214,1947165.0
2215,1942038.0
2216,1937689.5
2217,1964806.5
2218,1943206.5
2219,1932658.5
2220,1925268.0
2221,1914442.5
2222,1914370.5
2223,1912047.0
2224,1899691.5
2225,1910637.0
2226,1904845.5
2227,1905946.5
2228,1902084.0
2229,1892232.0
2230,1909372.5
2231,1924200.0
2232,1942638.0
2233,1942236.0
2234,1935340.5
2235,1923298.5
2236,1918945.5
2237,1914178.5
2238,1950120.0
2239,1949826.0
2240,1943925.0
2241,1945869.0
2242,1944172.5
2243,1942641.0
2244,1937424.0
2245,1923555.0
2246,1914307.5
2247,1919217.0
2248,1907181.0
2249,1904620.5
2250,1905207.0
2251,1910326.5
2252,1903077.0
2253,1941403.5
2254,1934361.0
2255,1926693.0
2256,1925326.5
2257,1924428.0
2258,1921345.5
2259,1910730.0
2260,1900066.5
2261,1915944.0
2262,1906465.5
2263,1898131.5
2264,1914211.5
2265,1921164.0
2266,1925208.0
2267,1929916.5
2268,1951581.0
2269,1952916.0
2270,1947457.5
2271,1949644.5
2272,1946524.5
2273,1946406.0
2274,1972303.5
2275,1975183.5
2276,1991704.5
2277,1984881.0
2278,1987492.5
2279,1980034.5
2280,1982523.0
2281,1980964.5
2282,1975749.0
2283,1973143.5
2284,1966456.5
2285,1969780.5
2286,1964197.5
2287,1962193.5
2288,1954101.0
2289,1950273.0
2290,1965970.5
2291,1959501.0
2292,1976392.5
2293,1972891.5
2294,1973413.5
2295,1963900.5
2296,1970398.5
2297,1968973.5
2298,1965079.5
2299,1966897.5
2300,1993333.5
2301,1989628.5
2302,1997377.5
2303,1992654.0
2304,1989082.5
2305,1981953.0
2306,1976617.5
2307,1973940.0
2308,1971394.5
2309,1973983.5
2310,1976721.0
2311,1971438.0
2312,1992850.5
2313,1987309.5
2314,1994898.0
2315,1992711.0
2316,1995846.0
2317,1991917.5
2318,1991101.5
2319,2024091.0
2320,2033650.5
2321,2030005.5
2322,2042112.0
2323,2041879.5
2324,2030437.5
2325,2036743.5
2326,2050630.5
2327,2039272.5
2328,2030769.0
2329,2026995.0
2330,2027883.0
2331,2019103.5
2332,2019705.0
2333,2012020.5
2334,2007202.5
2335,2014104.0
2336,2041650.0
2337,2038393.5
2338,2037586.5
2339,2031934.5
2340,2025639.0
2341,2017111.5
2342,2032434.0
2343,2020561.5
2344,2009476.5
2345,2005659.0
2346,1997913.0
2347,2007357.0
2348,2005633.5
2349,1989031.5
2350,1991883.0
2351,2001711.0
2352,1995862.5
2353,2001705.0
2354,1996381.5
2355,2048481.0
2356,2038540.5
2357,2027395.5
2358,2017768.5
2359,2025900.0
2360,2015797.5
2361,2008263.0
2362,1993917.0
2363,1985362.5
2364,2000523.0
2365,1990464.0
2366,2006017.5
2367,2017264.5
2368,2004120.0
2369,1992402.0
2370,1993623.0
2371,1989345.0
2372,1982049.0
2373,1981972.5
2374,1983090.0
2375,1990959.0
2376,2009134.5
2377,2001657.0
2378,2022823.5
2379,2014957.5
2380,2010016.5
2381,2006014.5
2382,1993890.0
2383,1993372.5
2384,2015071.5
2385,2001364.5
2386,1998207.0
2387,1991227.5
2388,1985341.5
2389,1984501.5
2390,1991596.5
2391,1992192.0
2392,1983469.5
2393,1981008.0
2394,1980558.0
2395,1979409.0
2396,1983681.0
2397,1979347.5
2398,1985394.0
2399,1993639.5
2400,2010034.5
2401,2006115.0
2402,2003202.0
2403,1998384.0
2404,2004492.0
2405,2000493.0
2406,1996584.0
2407,1996234.5
2408,1991022.0
2409,1988424.0
2410,1999459.5
2411,1996053.0
2412,2002276.5
2413,2002509.0
2414,2001699.0
2415,1996656.0
2416,1995156.0
2417,1992229.5
2418,1984945.5
2419,1983339.0
2420,1989675.0
2421,1986889.5
2422,1979799.0
2423,1979539.5
2424,1981975.5
2425,1979572.5
2426,1971945.0
2427,1965561.0
2428,1976929.5
2429,1976923.5
2430,1970922.0
2431,1962256.5
2432,1971666.0
2433,1989895.5
2434,1983336.0
2435,1977306.0
2436,1973382.0
2437,1968034.5
2438,1962792.0
2439,1965430.5
2440,1970475.0
2441,1992511.5
2442,1976193.0
2443,1979623.5
2444,1996540.5
2445,1991130.0
2446,1995151.5
2447,1998013.5
2448,2008449.0
2449,2001636.0
2450,1995826.5
2451,1989862.5
2452,1987423.5
2453,1982907.0
2454,1981966.5
2455,1987366.5
2456,1978809.0
2457,1986289.5
2458,1977949.5
2459,1982602.5
2460,1989594.0
2461,1983973.5
2462,1975425.0
2463,1980375.0
2464,1976515.5
2465,1976302.5
2466,1984683.0
2467,1982748.0
2468,1977135.0
2469,1972177.5
2470,1963950.0
2471,1963516.5
2472,1970437.5
2473,1966126.5
2474,1966528.5
2475,1956715.5
2476,1954914.0
2477,1948402.5
2478,1942458.0
2479,2006727.0
2480,1986571.5
2481,1989280.5
2482,2037829.5
2483,2067504.0
2484,2072793.0
2485,2060196.0
2486,2062723.5
2487,2057074.5
2488,2058079.5
2489,2055646.5
2490,2054599.5
2491,2056519.5
2492,2058960.0
2493,2052517.5
2494,2047005.0
2495,2041431.0
2496,2042020.5
2497,2057088.0
2498,2050207.5
2499,2052903.0
2500,2045569.5
2501,2062978.5
2502,2058940.5
2503,2054200.5
2504,2054353.5
2505,2044171.5
2506,2047971.0
2507,2042928.0
2508,2057469.0
2509,2047698.0
2510,2042205.0
2511,2039077.5
2512,2039031.0
2513,2064103.5
2514,2056042.5
2515,2080818.0
2516,2077396.5
2517,2088901.5
2518,2081782.5
2519,2069442.0
2520,2062782.0
2521,2052676.5
2522,2052948.0
2523,2052687.0
2524,2066853.0
2525,2060179.5
2526,2059204.5
2527,2071087.5
2528,2062791.0
2529,2053843.5
2530,2091025.5
2531,2084923.5
2532,2083710.0
2533,2082714.0
2534,2076687.0
2535,2070520.5
2536,2094423.0
2537,2081236.5
2538,2080893.0
2539,2081263.5
2540,2076832.5
2541,2075613.0
2542,2089029.0
2543,2087518.5
2544,2107509.0
2545,2109177.0
2546,2112438.0
2547,2124652.5
2548,2131338.0
2549,2123419.5
2550,2120527.5
2551,2125011.0
2552,2130693.0
2553,2122734.0
2554,2130378.0
2555,2138593.5
2556,2143639.5
2557,2143789.5
2558,2141016.0
2559,2134266.0
2560,2132101.5
2561,2140957.5
2562,2162580.0
2563,2159452.5
2564,2153527.5
2565,2158836.0
2566,2158603.5
2567,2158471.5
2568,2155114.5
2569,2147301.0
2570,2145703.5
2571,2144416.5
2572,2148934.5
2573,2152282.5
2574,2146812.0
2575,2146063.5
2576,2144775.0
2577,2141391.0
2578,2137338.0
2579,2146851.0
2580,2150418.0
2581,2157393.0
2582,2164063.5
2583,2160000.0
2584,2155816.5
2585,2156383.5
2586,2196469.5
2587,2190241.5
2588,2193022.5
2589,2196309.0
2590,2191470.0
2591,2193703.5
2592,2188143.0
2593,2181357.0
2594,2173854.0
2595,2166957.0
2596,2163010.5
2597,2163189.0
2598,2160898.5
2599,2160558.0
2600,2182609.5
2601,2180401.5
2602,2188674.0
2603,2180278.5
2604,2173177.5
2605,2175067.5
2606,2179015.5
2607,2197245.0
2608,2198602.5
2609,2212192.5
2610,2205183.0
2611,2211204.0
2612,2216544.0
2613,2210118.0
2614,2204872.5
2615,2208028.5
2616,2208105.0
2617,2201193.0
2618,2191350.0
2619,2207608.5
2620,2195932.5
2621,2189032.5
2622,2187682.5
2623,2186296.5
2624,2187928.5
2625,2184031.5
2626,2179402.5
2627,2173194.0
2628,2188321.5
2629,2199808.5
2630,2196307.5
2631,2189334.0
2632,2191617.0
2633,2185255.5
2634,2181478.5
2635,2196247.5
2636,2209366.5
2637,2211508.5
2638,2212123.5
2639,2207311.5
2640,2232736.5
2641,2228368.5
2642,2235745.5
2643,2228679.0
2644,2227213.5
2645,2220196.5
2646,2214358.5
2647,2249736.0
2648,2241210.0
2649,2230507.5
2650,2222184.0
2651,2223387.0
2652,2224359.0
2653,2219307.0
2654,2210884.5
2655,2213754.0
2656,2213005.5
2657,2211972.0
2658,2214985.5
2659,2232160.5
2660,2237751.0
2661,2234098.5
2662,2232207.0
2663,2226514.5
2664,2209681.5
2665,2203669.5
2666,2214495.0
2667,2208183.0
2668,2198043.0
2669,2193886.5
2670,2191035.0
2671,2192904.0
2672,2196237.0
2673,2209974.0
2674,2205510.0
2675,2204548.5
2676,2198565.0
2677,2232624.0
2678,2235747.0
2679,2233419.0
2680,2241526.5
2681,2236399.5
2682,2229391.5
2683,2224990.5
2684,2237704.5
2685,2237596.5
2686,2240623.5
2687,2234899.5
2688,2232552.0
2689,2230711.5
2690,2232340.5
2691,2229721.5
2692,2240524.5
2693,2257014.0
2694,2254483.5
2695,2260210.5
2696,2265454.5
2697,2260912.5
2698,2263017.0
2699,2260626.0
2700,2276050.5
2701,2273535.0
2702,2282119.5
2703,2257464.0
2704,2294154.0
2705,2283570.0
2706,2275317.0
2707,2277519.0
2708,2278867.5
2709,2271816.0
2710,2276017.5
2711,2280721.5
2712,2299521.0
2713,2293980.0
2714,2292439.5
2715,2290539.0
2716,2288025.0
2717,2280978.0
2718,2274052.5
2719,2285887.5
2720,2294640.0
2721,2293149.0
2722,2300308.5
2723,2296353.0
2724,2301225.0
2725,2301390.0
2726,2297757.0
2727,2308177.5
2728,2316145.5
2729,2315641.5
2730,2310367.5
2731,2316747.0
2732,2314761.0
2733,2322301.5
2734,2318605.5
2735,2309811.0
2736,2310744.0
2737,2301297.0
2738,2306190.0
2739,2366790.0
2740,2357311.5
2741,2348395.5
2742,2344387.5
2743,2343007.5
2744,2335714.5
2745,2325988.5
2746,2324623.5
2747,2347113.0
2748,2332189.5
2749,2322166.5
2750,2308338.0
2751,2303173.5
2752,2316988.5
2753,2305179.0
2754,2293446.0
2755,2285694.0
2756,2291403.0
2757,2274778.5
2758,2281335.0
2759,2301307.5
2760,2296200.0
2761,2288460.0
2762,2279904.0
2763,2288400.0
2764,2289771.0
2765,2297098.5
2766,2295100.5
2767,2287564.5
2768,2278572.0
2769,2268451.5
2770,2277166.5
2771,2260819.5
2772,2265517.5
2773,2256243.0
2774,2252082.0
2775,2245233.0
2776,2247238.5
2777,2239545.0
2778,2237752.5
2779,2244669.0
2780,2246895.0
2781,2249824.5
2782,2243533.5
2783,2240466.0
2784,2232871.5
2785,2240503.5
2786,2273067.0
2787,2264994.0
2788,2277247.5
2789,2288796.0
2790,2279859.0
2791,2282616.0
2792,2275366.5
2793,2282706.0
2794,2274580.5
2795,2267682.0
2796,2261922.0
2797,2260299.0
2798,2251575.0
2799,2248464.0
2800,2247172.5
2801,2231638.5
2802,2227425.0
2803,2220078.0
2804,2215096.5
2805,2214303.0
2806,2229340.5
2807,2218075.5
2808,2212954.5
2809,2206086.0
2810,2196625.5
2811,2188485.0
2812,2215134.0
2813,2208609.0
2814,2210250.0
2815,2209009.5
2816,2208597.0
2817,2245000.5
2818,2237461.5
2819,2241799.5
2820,2263114.5
2821,2256444.0
2822,2250832.5
2823,2240203.5
2824,2239813.5
2825,2236317.0
2826,2267605.5
2827,2264787.0
2828,2253802.5
2829,2257384.5
2830,2251125.0
2831,2270008.5
2832,2258704.5
2833,2259988.5
2834,2247747.0
2835,2250912.0
2836,2247657.0
2837,2232931.5
2838,2233587.0
2839,2226991.5
2840,2218788.0
2841,2212888.5
2842,2199244.5
2843,2188209.0
2844,2197533.0
2845,2191876.5
2846,2187339.0
2847,2195514.0
2848,2243941.5
2849,2264976.0
2850,2265243.0
2851,2257825.5
2852,2245717.5
2853,2235288.0
2854,2232217.5
2855,2178544.5
2856,2167225.5
2857,2233881.0
2858,2268735.0
2859,2255823.0
2860,2261031.0
2861,2254861.5
2862,2251897.5
2863,2245678.5
2864,2235021.0
2865,2228101.5
2866,2250721.5
2867,2231919.0
2868,2232519.0
2869,2219700.0
2870,2211930.0
2871,2211079.5
2872,2202888.0
2873,2192841.0
2874,2224551.0
2875,2210569.5
2876,2197354.5
2877,2200246.5
2878,2195430.0
2879,2191305.0
2880,2201916.0
2881,2195826.0
2882,2181868.5
2883,2181028.5
2884,2171013.0
2885,2164089.0
2886,2153250.0
2887,2153910.0
2888,2145418.5
2889,2141769.0
2890,2151055.5
2891,2146272.0
2892,2140279.5
2893,2132908.5
2894,2123479.5
2895,2114934.0
2896,2110722.0
2897,2112870.0
2898,2106774.0
2899,2126344.5
2900,2103991.5
2901,2097541.5
2902,2123751.0
2903,2121462.0
2904,2109846.0
2905,2107317.0
2906,2106174.0
2907,2105691.0
2908,2098560.0
2909,2134750.5
2910,2133072.0
2911,2129391.0
2912,2118519.0
2913,2101669.5
2914,2096322.0
2915,2086672.5
2916,2088024.0
2917,2100184.5
2918,2090724.0
2919,2080041.0
2920,2084232.0
2921,2079897.0
2922,2088418.5
2923,2093032.5
2924,2101098.0
2925,2095209.0
2926,2095747.5
2927,2092462.5
2928,2089615.5
2929,2086132.5
2930,2079487.5
2931,2068098.0
2932,2064957.0
2933,2059534.5
2934,2053383.0
2935,2046793.5
2936,2042556.0
2937,2036494.5
2938,2027070.0
2939,2041522.5
2940,2035978.5
2941,2026816.5
2942,2032812.0
2943,2024904.0
2944,2018590.5
2945,2016129.0
2946,2043472.5
2947,2037177.0
2948,2047021.5
2949,2031870.0
2950,2036658.0
2951,2028193.5
2952,2039028.0
2953,2034655.5
2954,2036665.5
2955,2066149.5
2956,2055516.0
2957,2081230.5
2958,2076463.5
2959,2106448.5
2960,2093278.5
2961,2061580.5
2962,2049511.5
2963,2041756.5
2964,2044069.5
2965,2045211.0
2966,2056747.5
2967,2049208.5
2968,2042404.5
2969,2050587.0
2970,2068960.5
2971,2067832.5
2972,2056236.0
2973,2066560.5
2974,2063269.5
2975,2082634.5
2976,2098087.5
2977,2087662.5
2978,2103792.0
2979,2105727.0
2980,2094111.0
2981,2096076.0
2982,2093487.0
2983,2099641.5
2984,2093616.0
2985,2074909.5
2986,2091663.0
2987,2096791.5
2988,2085547.5
2989,2081799.0
2990,2073865.5
2991,2067861.0
2992,2070442.5
2993,2061544.5
2994,2041995.0
2995,2071380.0
2996,2057214.0
2997,2046357.0
2998,2058726.0
2999,2070376.5
3000,2118919.5
3001,2114317.5
3002,2109144.0
3003,2101723.5
3004,2107191.0
3005,2119066.5
3006,2112451.5
3007,2107660.5
3008,2136699.0
3009,2128090.5
3010,2124967.5
3011,2118246.0
3012,2121895.5
3013,2111781.0
3014,2099281.5
3015,2089683.0
3016,2082457.5
3017,2079568.5
3018,2073825.0
3019,2067801.0
3020,2062161.0
3021,2082457.5
3022,2104384.5
3023,2155458.0
3024,2142045.0
3025,2147391.0
3026,2148648.0
3027,2133255.0
3028,2120838.0
3029,2115967.5
3030,2113345.5
3031,2110533.0
3032,2112205.5
3033,2130384.0
3034,2135901.0
3035,2130681.0
3036,2134485.0
3037,2167827.0
3038,2166843.0
3039,2183143.5
3040,2181261.0
3041,2183232.0
3042,2176902.0
3043,2176944.0
3044,2163763.5
3045,2175874.5
3046,2175450.0
3047,2168382.0
3048,2167228.5
3049,2158320.0
3050,2150275.5
3051,2133945.0
3052,2132320.5
3053,2126706.0
3054,2112352.5
3055,2117203.5
3056,2134131.0
3057,2139390.0
3058,2124700.5
3059,2132511.0
3060,2135113.5
3061,2125383.0
3062,2118021.0
3063,2116812.0
3064,2127451.5
3065,2120854.5
3066,2120805.0
3067,2114955.0
3068,2114640.0
3069,2107140.0
3070,2102427.0
3071,2095813.5
3072,2075556.0
3073,2058337.5
3074,2081568.0
3075,2079703.5
3076,2073840.0
3077,2074465.5
3078,2066838.0
3079,2063962.5
3080,2055273.0
3081,2067604.5
3082,2065498.5
3083,2053519.5
3084,2048337.0
3085,2061571.5
3086,2053098.0
3087,2045482.5
3088,2046562.5
3089,2043376.5
3090,2047501.5
3091,2038579.5
3092,2029000.5
3093,2025195.0
3094,2020405.5
3095,2038069.5
3096,2041876.5
3097,2048421.0
3098,2040063.0
3099,2035062.0
3100,2024424.0
3101,2022043.5
3102,2030079.0
3103,2023173.0
3104,2016678.0
3105,2013190.5
3106,2008047.0
3107,2017426.5
3108,2012628.0
3109,2007472.5
3110,2007760.5
3111,2001408.0
3112,2019379.5
3113,2012001.0
3114,2045782.5
3115,2037264.0
3116,2071869.0
3117,2068660.5
3118,2057466.0
3119,2059485.0
3120,2062135.5
3121,2056708.5
3122,2048937.0
3123,2059636.5
3124,2062395.0
3125,2053698.0
3126,2054145.0
3127,2104834.5
3128,2113833.0
3129,2094916.5
3130,2085159.0
3131,2069650.5
3132,2073900.0
3133,2042574.0
3134,2149221.0
3135,2142217.5
3136,2131291.5
3137,2132661.0
3138,2126665.5
3139,2145972.0
3140,2173857.0
3141,2177749.5
3142,2171358.0
3143,2174955.0
3144,2167164.0
3145,2175624.0
3146,2179593.0
3147,2172034.5
3148,2178804.0
3149,2186794.5
3150,2178672.0
3151,2170209.0
3152,2186743.5
3153,2196505.5
3154,2194735.5
3155,2193508.5
3156,2184820.5
3157,2183841.0
3158,2204295.0
3159,2208796.5
3160,2206041.0
3161,2194914.0
3162,2186458.5
3163,2184307.5
3164,2183235.0
3165,2176800.0
3166,2172799.5
3167,2162721.0
3168,2159787.0
3169,2157846.0
3170,2155495.5
3171,2144218.5
3172,2165176.5
3173,2166795.0
3174,2162475.0
3175,2161630.5
3176,2152332.0
3177,2172168.0
3178,2166975.0
3179,2162137.5
3180,2167785.0
3181,2168323.5
3182,2163412.5
3183,2157349.5
3184,2152116.0
3185,2148466.5
3186,2152806.0
3187,2147122.5
3188,2160666.0
3189,2157289.5
3190,2176444.5
3191,2174145.0
3192,2173198.5
3193,2182117.5
3194,2177448.0
3195,2179639.5
3196,2180757.0
3197,2173785.0
3198,2173227.0
3199,2167498.5
3200,2162536.5
3201,2170452.0
3202,2163846.0
3203,2157723.0
3204,2161320.0
3205,2156331.0
3206,2153905.5
3207,2171869.5
3208,2185110.0
3209,2183277.0
3210,2186520.0
3211,2185444.5
3212,2179005.0
3213,2199382.5
3214,2188969.5
3215,2187034.5
3216,2192380.5
3217,2211652.5
3218,2208939.0
3219,2213458.5
3220,2216248.5
3221,2218851.0
3222,2222134.5
3223,2224317.0
3224,2238540.0
3225,2234986.5
3226,2233699.5
3227,2234037.0
3228,2233723.5
3229,2247717.0
3230,2231269.5
3231,2244505.5
3232,2235324.0
3233,2233281.0
3234,2225848.5
3235,2224029.0
3236,2226034.5
3237,2229058.5
3238,2235895.5
3239,2240619.0
3240,2250520.5
3241,2243860.5
3242,2242923.0
3243,2235811.5
3244,2241459.0
3245,2235856.5
3246,2250513.0
3247,2244177.0
3248,2237830.5
3249,2237829.0
3250,2234883.0
3251,2235162.0
3252,2234526.0
3253,2238985.5
3254,2233515.0
3255,2248842.0
3256,2244319.5
3257,2242011.0
3258,2294881.5
3259,2299042.5
3260,2293561.5
3261,2286925.5
3262,2297449.5
3263,2291917.5
3264,2286480.0
3265,2286372.0
3266,2317224.0
3267,2299947.0
3268,2296566.0
3269,2289936.0
3270,2294596.5
3271,2310237.0
3272,2313526.5
3273,2306769.0
3274,2298391.5
3275,2293884.0
3276,2296867.5
3277,2294340.0
3278,2283582.0
3279,2280981.0
3280,2280316.5
3281,2291370.0
3282,2300821.5
3283,2302071.0
3284,2315803.5
3285,2312419.5
3286,2312587.5
3287,2312113.5
3288,2325798.0
3289,2322556.5
3290,2327572.5
3291,2330245.5
3292,2325372.0
3293,2321221.5
3294,2322390.0
3295,2324991.0
3296,2321242.5
3297,2316024.0
3298,2333445.0
3299,2328118.5
3300,2328151.5
3301,2348445.0
3302,2352343.5
3303,2351676.0
3304,2359620.0
3305,2370238.5
3306,2368678.5
3307,2370964.5
3308,2376399.0
3309,2372334.0
3310,2368867.5
3311,2375325.0
3312,2372371.5
3313,2368914.0
3314,2372499.0
3315,2380174.5
3316,2374639.5
3317,2367321.0
3318,2383665.0
3319,2373727.5
3320,2379753.0
3321,2379610.5
3322,2375446.5
3323,2375314.5
3324,2371887.0
3325,2390283.0
3326,2397232.5
3327,2393623.5
3328,2390908.5
3329,2383009.5
3330,2387022.0
3331,2385519.0
3332,2378433.0
3333,2401908.0
3334,2396590.5
3335,2379535.5
3336,2370594.0
3337,2363067.0
3338,2352820.5
3339,2357932.5
3340,2375395.5
3341,2369827.5
3342,2375878.5
3343,2373720.0
3344,2364324.0
3345,2398698.0
3346,2452842.0
3347,2454133.5
3348,2445661.5
3349,2441043.0
3350,2460774.0
3351,2457970.5
3352,2454531.0
3353,2462382.0
3354,2472652.5
3355,2464686.0
3356,2477257.5
3357,2489373.0
3358,2491227.0
3359,2482942.5
3360,2475846.0
3361,2469438.0
3362,2463183.0
3363,2459148.0
3364,2452752.0
3365,2449207.5
3366,2443440.0
3367,2437041.0
3368,2430879.0
3369,2468916.0
3370,2444974.5
3371,2448897.0
3372,2446875.0
3373,2433666.0
3374,2422870.5
3375,2419081.5
3376,2408758.5
3377,2486205.0
3378,2508709.5
3379,2544886.5
3380,2535219.0
3381,2574856.5
3382,2571624.0
3383,2559751.5
3384,2548371.0
3385,2535384.0
3386,2523000.0
3387,2576890.5
3388,2561563.5
3389,2539278.0
3390,2583016.5
3391,2640388.5
3392,2631576.0
3393,2662503.0
3394,2707548.0
3395,2691466.5
3396,2776719.0
3397,2769132.0
3398,2736667.5
3399,2714179.5
3400,2744749.5
3401,2745259.5
3402,2739094.5
3403,2729827.5
3404,2741979.0
3405,2734171.5
3406,2738868.0
3407,2731533.0
3408,2723701.5
3409,2755924.5
3410,2751172.5
3411,2759968.5
3412,2769136.5
3413,2802567.0
3414,2810320.5
3415,2824774.5
3416,2829462.0
3417,2824633.5
3418,2846401.5
3419,2871226.5
3420,2865279.0
3421,2889748.5
3422,2881197.0
3423,2869852.5
3424,2856900.0
3425,2849676.0
3426,2859346.5
3427,2850985.5
3428,2842984.5
3429,2864878.5
3430,2868396.0
3431,2871994.5
3432,2879125.5
3433,2873236.5
3434,2879641.5
3435,2851605.0
3436,2852928.0
3437,2847409.5
3438,2850465.0
3439,2852505.0
3440,2841520.5
3441,2874138.0
3442,2860486.5
3443,2853126.0
3444,2876607.0
3445,2869423.5
3446,2860680.0
3447,2850490.5
3448,2869657.5
3449,2866360.5
3450,2864262.0
3451,2841840.0
3452,2866770.0
