Trade,Drawdown
0,0.0
1,-185.25
2,-1976.0
3,-188.5
4,0.0
5,0.0
6,-6311.5
7,-7874.75
8,-9626.5
9,0.0
10,-2015.0
11,0.0
12,-2691.0
13,-4023.5
14,-6422.0
15,-1166.75
16,0.0
17,0.0
18,0.0
19,-2193.75
20,-4335.5
21,-8888.75
22,-10936.25
23,-10705.5
24,0.0
25,-1332.5
26,-2489.5
27,-650.0
28,-3549.0
29,0.0
30,-1719.25
31,-1514.5
32,-1872.0
33,-3061.5
34,-6162.0
35,-9334.0
36,-5534.75
37,-7689.5
38,-11657.75
39,-12535.25
40,-8713.25
41,-185.25
42,-4520.75
43,-14144.0
44,-22074.0
45,-23075.0
46,-26477.75
47,-21352.5
48,-13962.0
49,-18710.25
50,-12171.25
51,-15187.25
52,-17982.25
53,-20322.25
54,-24264.5
55,-25532.0
56,-20377.5
57,-18534.75
58,-19600.75
59,-21235.5
60,-25197.25
61,-25623.0
62,-16136.25
63,-17423.25
64,-18856.5
65,-20731.75
66,-7192.25
67,0.0
68,-81.25
69,0.0
70,-91.0
71,0.0
72,-2733.25
73,-5183.75
74,-8713.25
75,-10123.75
76,-12379.25
77,-10572.25
78,-11869.0
79,-15320.5
80,-9841.0
81,-11839.75
82,0.0
83,-3201.25
84,0.0
85,0.0
86,0.0
87,-4173.0
88,0.0
89,-3831.75
90,-6123.0
91,-6392.75
92,-8622.25
93,-10591.75
94,-7283.25
95,-2249.0
96,-6321.25
97,-7348.25
98,0.0
99,-4624.75
100,-10621.0
101,-2603.25
102,-617.5
103,-5515.25
104,-8336.25
105,-11180.0
106,-15382.25
107,-7172.75
108,-10133.5
109,-9428.25
110,-11050.0
111,-12636.0
112,-14465.75
113,-12798.5
114,-6269.25
115,-9932.0
116,-12278.5
117,-13591.5
118,-15528.5
119,-16841.5
120,-16757.0
121,-12606.75
122,-15060.5
123,-14020.5
124,0.0
125,0.0
126,0.0
127,-3363.75
128,-6665.75
129,-4787.25
130,0.0
131,-2249.0
132,-3893.5
133,-2551.25
134,-1527.5
135,0.0
136,-3958.5
137,0.0
138,-2024.75
139,-2765.75
140,-5798.0
141,-1199.25
142,-4498.0
143,-6392.75
144,-9343.75
145,-10767.25
146,-10520.25
147,-10185.5
148,-9938.5
149,-20364.5
150,-22184.5
151,-9113.0
152,-10754.25
153,-11618.75
154,-10929.75
155,-6880.25
156,-487.5
157,-4829.5
158,-5811.0
159,-8391.5
160,-10149.75
161,-4774.25
162,-6714.5
163,0.0
164,-1683.5
165,-2866.5
166,-1423.5
167,-923.0
168,0.0
169,0.0
170,0.0
171,-3181.75
172,-4566.25
173,-646.75
174,-3604.25
175,0.0
176,-136.5
177,-5629.0
178,-9584.25
179,-6922.5
180,-8970.0
181,-10302.5
182,-12138.75
183,-12567.75
184,-1673.75
185,-5547.75
186,-8307.0
187,-12359.75
188,-16250.0
189,-12506.0
190,-14267.5
191,-14407.25
192,-15021.5
193,-16269.5
194,-4098.25
195,-21388.25
196,-13058.5
197,-21745.75
198,-23712.0
199,-22431.5
200,-30039.75
201,-34414.25
202,-36539.75
203,-27287.0
204,-27316.25
205,-30793.75
206,-21112.0
207,-24963.25
208,-24904.75
209,-25437.75
210,-20998.25
211,-26338.0
212,-26299.0
213,-14095.25
214,-11846.25
215,-10565.75
216,-13939.25
217,-14277.25
218,-16981.25
219,-16445.0
220,-22740.25
221,-20010.25
222,-16909.75
223,-17176.25
224,-7302.75
225,-7917.0
226,-10920.0
227,-12671.75
228,-15684.5
229,-18395.0
230,-21596.25
231,-25922.0
232,-23487.75
233,-18057.0
234,-21628.75
235,-19519.5
236,-24934.0
237,-20208.5
238,-22100.0
239,-21303.75
240,-23049.0
241,-24706.5
242,-28470.0
243,-29454.75
244,-29848.0
245,-31866.25
246,-29705.0
247,-31489.25
248,-33098.0
249,-34671.0
250,-37973.0
251,-37602.5
252,-38577.5
253,-33553.0
254,-35688.25
255,-36920.0
256,-37394.5
257,-37784.5
258,-37011.0
259,-34862.75
260,-36861.5
261,-39780.0
262,-33088.25
263,-35230.0
264,-35191.0
265,-37089.0
266,-31726.5
267,-29250.0
268,-32087.25
269,-35119.5
270,-32578.0
271,-34661.25
272,-34612.5
273,-38142.0
274,-40306.5
275,-51402.0
276,-57057.0
277,-57265.0
278,-54405.0
279,-59949.5
280,-60921.25
281,-62757.5
282,-64285.0
283,-62097.75
284,-64626.25
285,-66790.75
286,-68445.0
287,-69212.0
288,-66462.5
289,-60063.25
290,-59237.75
291,-60823.75
292,-62452.0
293,-59575.75
294,-61317.75
295,-61210.5
296,-63235.25
297,-66192.75
298,-67466.75
299,-70086.25
300,-69842.5
301,-70593.25
302,-65731.25
303,-66930.5
304,-68565.25
305,-71769.75
306,-65422.5
307,-67044.25
308,-66641.25
309,-67171.0
310,-68113.5
311,-61434.75
312,-63482.25
313,-66030.25
314,-67941.25
315,-65188.5
316,-64077.0
317,-63076.0
318,-64944.75
319,-65994.5
320,-67099.5
321,-66092.0
322,-66491.75
323,-62741.25
324,-63180.0
325,-63384.75
326,-62894.0
327,-63778.0
328,-64860.25
329,-64090.0
330,-65263.25
331,-67619.5
332,-61941.75
333,-65357.5
334,-67223.0
335,-68591.25
336,-58555.25
337,-60446.75
338,-57824.0
339,-57889.0
340,-58519.5
341,-60079.5
342,-57066.75
343,-59423.0
344,-64129.0
345,-63033.75
346,-55396.25
347,-59263.75
348,-61334.0
349,-66709.5
350,-65107.25
351,-64554.75
352,-64454.0
353,-54778.75
354,-55692.0
355,-57040.75
356,-57206.5
357,-58217.25
358,-60775.0
359,-54964.0
360,-55815.5
361,-58636.5
362,-51080.25
363,-53745.25
364,-56995.25
365,-57924.75
366,-59130.5
367,-56293.25
368,-46601.75
369,-50459.5
370,-49598.25
371,-54440.75
372,-40322.75
373,-28691.0
374,-22187.75
375,-13549.25
376,-15128.75
377,-17195.75
378,-19509.75
379,-18476.25
380,-9779.25
381,-11804.0
382,-10988.25
383,-12610.0
384,-14712.75
385,0.0
386,-2876.25
387,-4693.0
388,-5648.5
389,-8882.25
390,-11202.75
391,-9746.75
392,-9100.0
393,-7423.0
394,-7793.5
395,-7325.5
396,-2223.0
397,0.0
398,0.0
399,0.0
400,-1852.5
401,-809.25
402,-1196.0
403,-1469.0
404,-3064.75
405,-4436.25
406,-1849.25
407,-5086.25
408,-7374.25
409,-9311.25
410,-13325.0
411,-7852.0
412,-5538.0
413,-5424.25
414,-7065.5
415,-7702.5
416,-1569.75
417,-3484.0
418,-2925.0
419,-5382.0
420,-5148.0
421,0.0
422,-1693.25
423,0.0
424,-1062.75
425,0.0
426,0.0
427,-1475.5
428,-3474.25
429,0.0
430,-1485.25
431,-4459.0
432,-737.75
433,-4673.5
434,-5495.75
435,-8014.5
436,-9873.5
437,-10016.5
438,-4797.0
439,-7348.25
440,-9405.5
441,-10796.5
442,-12606.75
443,-15541.5
444,-17186.0
445,-9425.0
446,-10760.75
447,-13581.75
448,-16529.5
449,-17309.5
450,-18976.75
451,-19136.0
452,-19591.0
453,-20137.0
454,-15814.5
455,-10283.0
456,-6730.75
457,-6724.25
458,-3393.0
459,-6295.25
460,-7978.75
461,-8567.0
462,-7215.0
463,0.0
464,-981.5
465,-552.5
466,-555.75
467,0.0
468,0.0
469,0.0
470,-107.25
471,-3159.0
472,0.0
473,-481.0
474,-968.5
475,0.0
476,0.0
477,0.0
478,-2765.75
479,-936.0
480,-2297.75
481,-4234.75
482,-4351.75
483,-16311.75
484,-13357.5
485,-6402.5
486,-7764.25
487,-7124.0
488,-10624.25
489,-5317.0
490,-7003.75
491,-3120.0
492,-6464.25
493,-7114.25
494,-5287.75
495,-6269.25
496,-5788.25
497,0.0
498,-1417.0
499,-289.25
500,-1703.0
501,-1660.75
502,-2720.25
503,-1020.5
504,-975.0
505,-2502.5
506,-5473.0
507,-6100.25
508,-3279.25
509,-1199.25
510,-117.0
511,-1868.75
512,-4381.0
513,0.0
514,-949.0
515,-1618.5
516,-1875.25
517,-1631.5
518,-4325.75
519,-6340.75
520,-10318.75
521,-12863.5
522,-11719.5
523,-11839.75
524,-6607.25
525,-1826.5
526,-3610.75
527,-1615.25
528,-939.25
529,-4052.75
530,-1732.25
531,-3565.25
532,-4797.0
533,-1248.0
534,-3539.25
535,-7033.0
536,-8427.25
537,-9480.25
538,-11661.0
539,-11479.0
540,-9798.75
541,-10890.75
542,-11004.5
543,-10946.0
544,-12298.0
545,-11609.0
546,-6886.75
547,-9447.75
548,-12480.0
549,0.0
550,-1176.5
551,-3214.25
552,-4459.0
553,0.0
554,-1998.75
555,-4355.0
556,-5765.5
557,-7299.5
558,-5697.25
559,-7455.5
560,0.0
561,-1192.75
562,-2928.25
563,0.0
564,0.0
565,-767.0
566,-377.0
567,0.0
568,-4829.5
569,-7384.0
570,-9051.25
571,-10169.25
572,-4075.5
573,-5694.0
574,-5456.75
575,-4650.75
576,0.0
577,0.0
578,-1322.75
579,-1872.0
580,0.0
581,0.0
582,0.0
583,-955.5
584,-1345.5
585,0.0
586,-1153.75
587,-2421.25
588,-5525.0
589,-5911.75
590,-5625.75
591,-4218.5
592,-3292.25
593,-6854.25
594,-6792.5
595,-8596.25
596,-6464.25
597,-3750.5
598,-5499.0
599,-5996.25
600,0.0
601,-2388.75
602,-1982.5
603,-2408.25
604,-3809.0
605,-6262.75
606,-8307.0
607,-27764.75
608,-35477.0
609,-20923.5
610,0.0
611,-900.25
612,0.0
613,-1605.5
614,0.0
615,-2915.25
616,-5554.25
617,-5716.75
618,-6838.0
619,-9161.75
620,-12753.0
621,-6821.75
622,-9821.5
623,-9655.75
624,-11521.25
625,-10211.5
626,-5222.75
627,-6646.25
628,-5031.0
629,-653.25
630,-2327.0
631,-3893.5
632,-4748.25
633,-9210.5
634,-14667.25
635,-10260.25
636,-6425.25
637,-6054.75
638,-6987.5
639,-8931.0
640,-11342.5
641,-14300.0
642,-10991.5
643,-13065.0
644,-12990.25
645,-13130.0
646,-7059.0
647,-9363.25
648,-10923.25
649,-10260.25
650,-6097.0
651,0.0
652,-35.75
653,0.0
654,0.0
655,-182.0
656,-2437.5
657,-3230.5
658,-4988.75
659,-6909.5
660,-8615.75
661,-10253.75
662,-13230.75
663,-11836.5
664,-14235.0
665,-15486.25
666,-14368.25
667,-15756.0
668,-18843.5
669,-11973.0
670,-15070.25
671,-17569.5
672,-18125.25
673,-17823.0
674,-17491.5
675,-15834.0
676,-15687.75
677,-16159.0
678,-17455.75
679,-18921.5
680,-16766.75
681,-17416.75
682,-18128.5
683,-1092.0
684,-1667.25
685,-3230.5
686,-1192.75
687,-3948.75
688,-7520.5
689,-789.75
690,-2132.0
691,0.0
692,0.0
693,-1270.75
694,-2024.75
695,-1199.25
696,-2954.25
697,-4881.5
698,-6357.0
699,-7348.25
700,-5164.25
701,-126.75
702,-1010.75
703,0.0
704,-1348.75
705,0.0
706,-1703.0
707,-2746.25
708,-988.0
709,0.0
710,0.0
711,0.0
712,-1374.75
713,-2401.75
714,-3074.5
715,-4540.25
716,-4293.25
717,-4618.25
718,-5534.75
719,0.0
720,-1709.5
721,-3214.25
722,-7133.75
723,-6389.5
724,-7852.0
725,-10205.0
726,-10279.75
727,-11817.0
728,-11667.5
729,-14498.25
730,-14137.5
731,-15665.0
732,-16588.0
733,-12779.0
734,-9031.75
735,-6600.75
736,-7605.0
737,-6844.5
738,-8849.75
739,-8970.0
740,-10156.25
741,-5879.25
742,-6662.5
743,-7715.5
744,-5960.5
745,-5226.0
746,-4774.25
747,-5372.25
748,-4468.75
749,-3835.0
750,0.0
751,0.0
752,-1716.0
753,-1654.25
754,-2135.25
755,0.0
756,-1296.75
757,0.0
758,-825.5
759,-1833.0
760,-110.5
761,0.0
762,-130.0
763,-1092.0
764,-3952.0
765,-5268.25
766,-4368.0
767,-4475.25
768,-5967.0
769,-7475.0
770,-10120.5
771,-5466.5
772,-4117.75
773,-2395.25
774,-4407.0
775,-2525.25
776,-4036.5
777,-6158.75
778,-6620.25
779,-7933.25
780,-8927.75
781,-11966.5
782,-10595.0
783,-11813.75
784,-13900.25
785,-16584.75
786,-16984.5
787,-5859.75
788,-10169.25
789,-12694.5
790,-15366.0
791,-16058.25
792,-15860.0
793,-13097.5
794,-14764.75
795,-17176.25
796,-17849.0
797,-18323.5
798,-18824.0
799,-19626.75
800,-19256.25
801,-19867.25
802,-19701.5
803,-19626.75
804,-18352.75
805,-19581.25
806,-20286.5
807,-21641.75
808,-24232.0
809,-22236.5
810,-20722.0
811,-17771.0
812,-13646.75
813,-17134.0
814,-14530.75
815,-16159.0
816,-18843.5
817,-18213.0
818,-15450.5
819,-9707.75
820,-11209.25
821,-11635.0
822,-13637.0
823,-15102.75
824,-16279.25
825,-17413.5
826,-18934.5
827,-16315.0
828,-15785.25
829,-6893.25
830,-7263.75
831,-3490.5
832,-3763.5
833,-5057.0
834,-5440.5
835,-7559.5
836,-9577.75
837,-9184.5
838,-10546.25
839,-10747.75
840,-11228.75
841,-11316.5
842,-11589.5
843,-7566.0
844,-9499.75
845,-11521.25
846,-12457.25
847,-11284.0
848,-13045.5
849,-8544.25
850,-2184.0
851,0.0
852,-2174.25
853,-2684.5
854,0.0
855,0.0
856,-1407.25
857,-4254.25
858,0.0
859,-2993.25
860,0.0
861,-8167.25
862,-10702.25
863,-9512.75
864,-12268.75
865,-7046.0
866,-8859.5
867,-11596.0
868,-7978.75
869,-8404.5
870,-6938.75
871,-9438.0
872,-11469.25
873,-11908.0
874,-14036.75
875,-9197.5
876,-6857.5
877,-5664.75
878,-5999.5
879,-1374.75
880,0.0
881,-19.5
882,-890.5
883,-3133.0
884,-4819.75
885,-5076.5
886,-6643.0
887,-8297.25
888,-9993.75
889,-6191.25
890,-8300.5
891,-3864.25
892,-4325.75
893,-5921.5
894,-6561.75
895,-7939.75
896,-7702.5
897,-2486.25
898,-2986.75
899,-4192.5
900,-5144.75
901,-6308.25
902,-5096.0
903,-9126.0
904,0.0
905,-1995.5
906,-3155.75
907,-3259.75
908,0.0
909,-2580.5
910,-4517.5
911,0.0
912,-2522.0
913,-4088.5
914,-6483.75
915,-4813.25
916,-7806.5
917,-10445.5
918,-12467.0
919,-10728.25
920,-13565.5
921,-15148.25
922,-17351.75
923,-17741.75
924,-19786.0
925,-19678.75
926,-18518.5
927,-19223.75
928,-20517.25
929,-12190.75
930,-16630.25
931,-19896.5
932,-22535.5
933,-22236.5
934,-23517.0
935,-26052.0
936,-26074.75
937,-26006.5
938,-25051.0
939,-28284.75
940,-29711.5
941,-27241.5
942,-32431.75
943,-32971.25
944,-35691.5
945,-36611.25
946,-39949.0
947,-42012.75
948,-44382.0
949,-44856.5
950,-45386.25
951,-46891.0
952,-50612.25
953,-48444.5
954,-49884.25
955,-52299.0
956,-55302.0
957,-56686.5
958,-58220.5
959,-58064.5
960,-59020.0
961,-61919.0
962,-56992.0
963,-60011.25
964,-60271.25
965,-62608.0
966,-64545.0
967,-65780.0
968,-67635.75
969,-70421.0
970,-66166.75
971,-68055.0
972,-66095.25
973,-56533.75
974,-57011.5
975,-55159.0
976,-57005.0
977,-59699.25
978,-62068.5
979,-62812.75
980,-63277.5
981,-62874.5
982,-63319.75
983,-62679.5
984,-64434.5
985,-66069.25
986,-60313.5
987,-61132.5
988,-50407.5
989,-51980.5
990,-52149.5
991,-42519.75
992,-44554.25
993,-43511.0
994,-45594.25
995,-47017.75
996,-46098.0
997,-48200.75
998,-44655.0
999,-35464.0
1000,-32760.0
1001,-27212.25
1002,-30784.0
1003,-29945.5
1004,-30836.0
1005,-30338.75
1006,-32311.5
1007,-33579.0
1008,-35470.5
1009,-34489.0
1010,-33874.75
1011,-36569.0
1012,-39055.25
1013,-38681.5
1014,-39594.75
1015,-42298.75
1016,-39760.5
1017,-39000.0
1018,-39819.0
1019,-31632.25
1020,-32994.0
1021,-33445.75
1022,-35457.5
1023,-37261.25
1024,-38236.25
1025,-38181.0
1026,-41518.75
1027,-42867.5
1028,-42006.25
1029,-35896.25
1030,-35148.75
1031,-28346.5
1032,-29406.0
1033,-16428.75
1034,-19516.25
1035,-22269.0
1036,-22642.75
1037,-18469.75
1038,-11966.5
1039,-12873.25
1040,-17410.25
1041,-25915.5
1042,0.0
1043,0.0
1044,-3926.0
1045,-1628.25
1046,0.0
1047,0.0
1048,-1293.5
1049,0.0
1050,-2184.0
1051,-6496.75
1052,0.0
1053,0.0
1054,-1898.0
1055,-4498.0
1056,-5008.25
1057,-6223.75
1058,-8814.0
1059,0.0
1060,0.0
1061,-1810.25
1062,-3792.75
1063,-5369.0
1064,0.0
1065,0.0
1066,0.0
1067,-4543.5
1068,-8495.5
1069,-5798.0
1070,-8849.75
1071,-250.25
1072,0.0
1073,-770.25
1074,0.0
1075,-1257.75
1076,-6353.75
1077,-6357.0
1078,-5619.25
1079,-7712.25
1080,0.0
1081,-1608.75
1082,-3565.25
1083,0.0
1084,-1306.5
1085,-2749.5
1086,-4420.0
1087,-7725.25
1088,-11726.0
1089,-10504.0
1090,-12616.5
1091,-11017.5
1092,-11462.75
1093,-8391.5
1094,-11514.75
1095,-9945.0
1096,-12405.25
1097,-13152.75
1098,-14092.0
1099,-8937.5
1100,-9064.25
1101,-6948.5
1102,-7631.0
1103,-5755.75
1104,-5609.5
1105,-6448.0
1106,-7140.25
1107,-4452.5
1108,-4946.5
1109,-5378.75
1110,-6054.75
1111,-7904.0
1112,-8424.0
1113,0.0
1114,-1914.25
1115,-4004.0
1116,-6285.5
1117,-8375.25
1118,-5645.25
1119,-6552.0
1120,-5070.0
1121,-1521.0
1122,-3159.0
1123,-2944.5
1124,-3861.0
1125,-786.5
1126,-1248.0
1127,0.0
1128,0.0
1129,-1358.5
1130,0.0
1131,-2255.5
1132,0.0
1133,-640.25
1134,-4163.25
1135,0.0
1136,-4741.75
1137,-3497.0
1138,-5811.0
1139,-7748.0
1140,-2434.25
1141,-2674.75
1142,-5733.0
1143,-1566.5
1144,-3497.0
1145,-7741.5
1146,-4592.25
1147,-8170.5
1148,-10487.75
1149,-8209.5
1150,-11417.25
1151,-4920.5
1152,-1823.25
1153,0.0
1154,0.0
1155,-279.5
1156,-3445.0
1157,-4114.5
1158,-373.75
1159,-338.0
1160,-276.25
1161,-546.0
1162,0.0
1163,0.0
1164,-793.0
1165,-2661.75
1166,-2827.5
1167,-175.5
1168,0.0
1169,-767.0
1170,-2145.0
1171,-4273.75
1172,0.0
1173,0.0
1174,0.0
1175,0.0
1176,-2073.5
1177,-4143.75
1178,-6054.75
1179,-5967.0
1180,-7933.25
1181,-9902.75
1182,-13484.25
1183,-6818.5
1184,-12106.25
1185,-10978.5
1186,-12151.75
1187,-15457.0
1188,-14322.75
1189,-13227.5
1190,-12974.0
1191,-15993.25
1192,-18476.25
1193,-18547.75
1194,-21908.25
1195,-16857.75
1196,-18492.5
1197,-19636.5
1198,-21918.0
1199,-22607.0
1200,-23858.25
1201,-15814.5
1202,-16831.75
1203,-14660.75
1204,-16315.0
1205,-19737.25
1206,-19617.0
1207,-15177.5
1208,-16786.25
1209,-18424.25
1210,-21388.25
1211,-21544.25
1212,-23286.25
1213,-23198.5
1214,-23822.5
1215,-25996.75
1216,-23214.75
1217,-24066.25
1218,-26016.25
1219,-26195.0
1220,-28925.0
1221,-30696.25
1222,-32617.0
1223,-24540.75
1224,-25977.25
1225,-27787.5
1226,-28099.5
1227,-17979.0
1228,-15346.5
1229,-16051.75
1230,-17007.25
1231,-17420.0
1232,-2483.0
1233,-711.75
1234,-2203.5
1235,-2401.75
1236,-6633.25
1237,-6740.5
1238,0.0
1239,0.0
1240,0.0
1241,-3084.25
1242,-1319.5
1243,-3009.5
1244,0.0
1245,-7751.25
1246,-4098.25
1247,-5469.75
1248,-9327.5
1249,-10283.0
1250,-14049.75
1251,-17894.5
1252,-18612.75
1253,-22798.75
1254,-19428.5
1255,-17537.0
1256,-20848.75
1257,-24830.0
1258,-7871.5
1259,-14771.25
1260,-2226.25
1261,-7293.0
1262,-11540.75
1263,-14625.0
1264,-21134.75
1265,-36377.25
1266,-43296.5
1267,-46481.5
1268,-56949.75
1269,-53355.25
1270,-55649.75
1271,-56605.25
1272,-62728.25
1273,-62517.0
1274,-64538.5
1275,-63911.25
1276,-45454.5
1277,-45828.25
1278,-36647.0
1279,-36767.25
1280,-40423.5
1281,-44057.0
1282,-46783.75
1283,-50501.75
1284,-50277.5
1285,-55318.25
1286,-57892.25
1287,-61116.25
1288,-62988.25
1289,-55100.5
1290,-55737.5
1291,-33816.25
1292,-31551.0
1293,-30420.0
1294,-34001.5
1295,-36539.75
1296,-41268.5
1297,-44401.5
1298,-39669.5
1299,-34622.25
1300,-36117.25
1301,-36406.5
1302,-39919.75
1303,-40491.75
1304,-42740.75
1305,-39637.0
1306,-31635.5
1307,-32448.0
1308,-28756.0
1309,-16623.75
1310,-20510.75
1311,-15037.75
1312,-16165.5
1313,-16708.25
1314,-17358.25
1315,-19701.5
1316,-21160.75
1317,-25743.25
1318,-18479.5
1319,-20735.0
1320,-20150.0
1321,-22594.0
1322,-26620.75
1323,-34557.25
1324,-28288.0
1325,-7003.75
1326,-12870.0
1327,-14901.25
1328,-15895.75
1329,-11927.5
1330,-13039.0
1331,-13828.75
1332,-3159.0
1333,-7328.75
1334,-1170.0
1335,0.0
1336,-4189.25
1337,-2483.0
1338,-6019.0
1339,-9610.25
1340,-9161.75
1341,-8355.75
1342,0.0
1343,-4504.5
1344,-7718.75
1345,-9720.75
1346,-18856.5
1347,-20462.0
1348,-21489.0
1349,-20150.0
1350,-21089.25
1351,-22529.0
1352,-20484.75
1353,-22395.75
1354,-20891.0
1355,-11147.5
1356,-13744.25
1357,-15447.25
1358,-17186.0
1359,-19194.5
1360,-19633.25
1361,-21141.25
1362,-23071.75
1363,-19932.25
1364,-17306.25
1365,-17069.0
1366,-13435.5
1367,-11540.75
1368,0.0
1369,-2174.25
1370,-5135.0
1371,-8674.25
1372,-14127.75
1373,-2080.0
1374,-650.0
1375,0.0
1376,-2281.5
1377,-5320.25
1378,-2158.0
1379,-5768.75
1380,-2905.5
1381,-5258.5
1382,-5924.75
1383,-8992.75
1384,-5300.75
1385,-9265.75
1386,-6477.25
1387,-7049.25
1388,-7692.75
1389,-7432.75
1390,-7143.5
1391,-8976.5
1392,-13377.0
1393,-9925.5
1394,-13484.25
1395,-14105.0
1396,-14202.5
1397,-12558.0
1398,-15960.75
1399,-15967.25
1400,-11501.75
1401,-13640.25
1402,-17501.25
1403,-18138.25
1404,-20943.0
1405,-11820.25
1406,-14121.25
1407,-15765.75
1408,-17429.75
1409,-18063.5
1410,-21560.5
1411,-6860.75
1412,-8313.5
1413,-2600.0
1414,-6617.0
1415,-10149.75
1416,-11440.0
1417,-8658.0
1418,-11852.75
1419,-15863.25
1420,-6604.0
1421,0.0
1422,0.0
1423,0.0
1424,-523.25
1425,-2661.75
1426,-5690.75
1427,-6864.0
1428,-3568.5
1429,-6383.0
1430,-8628.75
1431,-8742.5
1432,-6262.75
1433,-4257.5
1434,-1888.25
1435,-3025.75
1436,-5294.25
1437,0.0
1438,-2242.5
1439,-5001.75
1440,-5278.0
1441,-7241.0
1442,0.0
1443,-2850.25
1444,-5720.0
1445,0.0
1446,0.0
1447,-1010.75
1448,-1413.75
1449,-585.0
1450,-3243.5
1451,-6464.25
1452,-9587.5
1453,-11895.0
1454,-5928.0
1455,-8118.5
1456,0.0
1457,-4026.75
1458,0.0
1459,-2050.75
1460,-5011.5
1461,-9376.25
1462,-2762.5
1463,0.0
1464,-4091.75
1465,-7081.75
1466,-9285.25
1467,-15986.75
1468,-18291.0
1469,0.0
1470,0.0
1471,-2596.75
1472,-15210.0
1473,-14225.25
1474,-3477.5
1475,0.0
1476,-945.75
1477,-4098.25
1478,-5297.5
1479,-3298.75
1480,-8014.5
1481,-9441.25
1482,-8622.25
1483,-3568.5
1484,-4943.25
1485,-8404.5
1486,0.0
1487,-4124.25
1488,-7995.0
1489,-6451.25
1490,-8726.25
1491,-6997.25
1492,-3643.25
1493,-5544.5
1494,-4072.25
1495,-2957.5
1496,0.0
1497,-1332.5
1498,-6539.0
1499,-8284.25
1500,-5430.75
1501,0.0
1502,0.0
1503,0.0
1504,0.0
1505,0.0
1506,-744.25
1507,0.0
1508,-2489.5
1509,-3620.5
1510,0.0
1511,-861.25
1512,-1462.5
1513,0.0
1514,-2905.5
1515,-3662.75
1516,-4091.75
1517,0.0
1518,0.0
1519,-3510.0
1520,0.0
1521,-1088.75
1522,0.0
1523,0.0
1524,-1683.5
1525,-5515.25
1526,-7754.5
1527,-9483.5
1528,-7081.75
1529,-7601.75
1530,0.0
1531,-438.75
1532,0.0
1533,-4306.25
1534,-7059.0
1535,-12171.25
1536,-12460.5
1537,-7423.0
1538,-4579.25
1539,0.0
1540,0.0
1541,0.0
1542,-903.5
1543,0.0
1544,0.0
1545,-2395.25
1546,0.0
1547,-3269.5
1548,0.0
1549,0.0
1550,-5122.0
1551,0.0
1552,0.0
1553,-5063.5
1554,-5284.5
1555,-7371.0
1556,-11472.5
1557,-16204.5
1558,-17748.25
1559,-20133.75
1560,-13022.75
1561,-10855.0
1562,-13698.75
1563,-13373.75
1564,-19035.25
1565,-19795.75
1566,-23396.75
1567,-23897.25
1568,-27170.0
1569,-29695.25
1570,-28171.0
1571,-28193.75
1572,-19106.75
1573,-23367.5
1574,-18642.0
1575,0.0
1576,-21482.5
1577,-20507.5
1578,-21661.25
1579,-27680.25
1580,-25811.5
1581,-24537.5
1582,-28372.5
1583,-31590.0
1584,-27836.25
1585,-29233.75
1586,-34463.0
1587,-40413.75
1588,-36845.25
1589,-41323.75
1590,-35863.75
1591,-39698.75
1592,-40066.0
1593,-34258.25
1594,-36533.25
1595,-38961.0
1596,-43647.5
1597,-41726.75
1598,-43738.5
1599,-41915.25
1600,-45217.25
1601,-34437.0
1602,-37982.75
1603,-42347.5
1604,-42848.0
1605,-44781.75
1606,-48646.0
1607,-53160.25
1608,-54206.75
1609,-59595.25
1610,-61649.25
1611,-44219.5
1612,-48571.25
1613,-49071.75
1614,-50495.25
1615,-48649.25
1616,-50102.0
1617,-53287.0
1618,-53332.5
1619,-55175.25
1620,-57388.5
1621,-55022.5
1622,-58425.25
1623,-60294.0
1624,-61512.75
1625,-62205.0
1626,-57798.0
1627,-59910.5
1628,-59117.5
1629,-62227.75
1630,-64733.5
1631,-61317.75
1632,-62679.5
1633,-66712.75
1634,-69091.75
1635,-69163.25
1636,-71951.75
1637,-68224.0
1638,-68042.0
1639,-70222.75
1640,-68783.0
1641,-60918.0
1642,-62692.5
1643,-61984.0
1644,-64301.25
1645,-66098.5
1646,-62302.5
1647,-64337.0
1648,-67060.5
1649,-69377.75
1650,-67096.25
1651,-69728.75
1652,-73141.25
1653,-75842.0
1654,-77743.25
1655,-76865.75
1656,-73372.0
1657,-74880.0
1658,-72371.0
1659,-74434.75
1660,-75946.0
1661,-64194.0
1662,-66231.75
1663,-68974.75
1664,-71493.5
1665,-65149.5
1666,-67977.0
1667,-66703.0
1668,-66829.75
1669,-68454.75
1670,-64372.75
1671,-62205.0
1672,-64363.0
1673,-63810.5
1674,-64587.25
1675,-66842.75
1676,-67583.75
1677,-70356.0
1678,-71620.25
1679,-69923.75
1680,-69452.5
1681,-75279.75
1682,-74080.5
1683,-77899.25
1684,-77964.25
1685,-86346.0
1686,-90688.0
1687,-72939.75
1688,-76326.25
1689,-77418.25
1690,-78835.25
1691,-79556.75
1692,-79020.5
1693,-77353.25
1694,-78406.25
1695,-79582.75
1696,-83603.0
1697,-87798.75
1698,-79729.0
1699,-84509.75
1700,-84854.25
1701,-82426.5
1702,-80827.5
1703,-84324.5
1704,-85546.5
1705,-86287.5
1706,-90093.25
1707,-94734.25
1708,-92137.5
1709,-95546.75
1710,-95881.5
1711,-98211.75
1712,-100470.5
1713,-105878.5
1714,-94100.5
1715,-78458.25
1716,-82358.25
1717,-77678.25
1718,-77629.5
1719,-80772.25
1720,-79004.25
1721,-73908.25
1722,-78009.75
1723,-77545.0
1724,-76128.0
1725,-75442.25
1726,-74093.5
1727,-79868.75
1728,-72189.0
1729,-61041.5
1730,-37095.5
1731,-39035.75
1732,-31720.0
1733,-48418.5
1734,-48720.75
1735,-50186.5
1736,-47547.5
1737,-52828.75
1738,-52234.0
1739,-44603.0
1740,-22486.75
1741,-42659.5
1742,-30907.5
1743,-33787.0
1744,0.0
1745,0.0
1746,0.0
1747,-9893.0
1748,0.0
1749,-9259.25
1750,-29256.5
1751,-23725.0
1752,0.0
1753,-22399.0
1754,-34329.75
1755,-38967.5
1756,-56621.5
1757,-25096.5
1758,-38948.0
1759,-39315.25
1760,-42077.75
1761,-63579.75
1762,-64844.0
1763,-60732.75
1764,-40855.75
1765,-47173.75
1766,-67148.25
1767,-48607.0
1768,-61223.5
1769,-66553.5
1770,-76787.75
1771,-73141.25
1772,-76306.75
1773,-84428.5
1774,-98026.5
1775,-99407.75
1776,-90324.0
1777,-83297.5
1778,-90119.25
1779,-88068.5
1780,-72000.5
1781,-54934.75
1782,-60024.25
1783,-69075.5
1784,-73326.5
1785,-77714.0
1786,-85319.0
1787,-86479.25
1788,-92293.5
1789,-99076.25
1790,-103359.75
1791,-91591.5
1792,-106151.5
1793,-101692.5
1794,-105108.25
1795,-133305.25
1796,-133568.5
1797,-141625.25
1798,-145957.5
1799,-151281.0
1800,-148118.75
1801,-149412.25
1802,-156227.5
1803,-160329.0
1804,-167001.25
1805,-171115.75
1806,-158206.75
1807,-150273.5
1808,-142428.0
1809,-144943.5
1810,-136357.0
1811,-137842.25
1812,-139724.0
1813,-129909.0
1814,-127071.75
1815,-127497.5
1816,-130682.5
1817,-108943.25
1818,-113187.75
1819,-90545.0
1820,-92888.25
1821,-80158.0
1822,-77015.25
1823,-64444.25
1824,-65276.25
1825,-67541.5
1826,-61694.75
1827,-65143.0
1828,-48577.75
1829,-44713.5
1830,-40985.75
1831,-33624.5
1832,-34339.5
1833,-37371.75
1834,-42285.75
1835,-18911.75
1836,-22938.5
1837,-16783.0
1838,-19639.75
1839,-24469.25
1840,-15681.25
1841,-15743.0
1842,-14573.0
1843,-12935.0
1844,-15395.25
1845,-1053.0
1846,-9314.5
1847,-5089.5
1848,-4423.25
1849,-3350.75
1850,-3298.75
1851,-3422.25
1852,-3659.5
1853,-575.25
1854,0.0
1855,0.0
1856,0.0
1857,0.0
1858,-4566.25
1859,0.0
1860,-1459.25
1861,-1443.0
1862,-2967.25
1863,-7874.75
1864,-13276.25
1865,-8131.5
1866,-8762.0
1867,-10936.25
1868,0.0
1869,0.0
1870,-1189.5
1871,-1140.75
1872,-5456.75
1873,-1186.25
1874,-5307.25
1875,-8008.0
1876,-10484.5
1877,-16623.75
1878,-20176.0
1879,-20497.75
1880,-23247.25
1881,-25714.0
1882,-20228.0
1883,-8901.75
1884,-8580.0
1885,-10435.75
1886,-14823.25
1887,-13646.75
1888,-15463.5
1889,-9311.25
1890,-11654.5
1891,-10624.25
1892,-20501.0
1893,-28785.25
1894,-16519.75
1895,-17972.5
1896,-23877.75
1897,-24839.75
1898,-20283.25
1899,-25450.75
1900,-25649.0
1901,-26237.25
1902,-19087.25
1903,-11053.25
1904,-14885.0
1905,-9564.75
1906,-7705.75
1907,-3230.5
1908,-3747.25
1909,-8690.5
1910,0.0
1911,-5707.0
1912,-12415.0
1913,-18200.0
1914,-17098.25
1915,-27316.25
1916,-23049.0
1917,-4277.0
1918,-7800.0
1919,-11349.0
1920,-15518.75
1921,-1222.0
1922,-3178.5
1923,0.0
1924,-1381.25
1925,0.0
1926,-3350.75
1927,-6591.0
1928,-4452.5
1929,-3152.5
1930,0.0
1931,0.0
1932,-5388.5
1933,-7406.75
1934,-3750.5
1935,-7748.0
1936,-16341.0
1937,-21271.25
1938,-15749.5
1939,-14192.75
1940,-7715.5
1941,-12879.75
1942,-17293.25
1943,-21391.5
1944,-20696.0
1945,-25301.25
1946,-31755.75
1947,-20338.5
1948,-23731.5
1949,-4000.75
1950,-17286.75
1951,-9304.75
1952,-15564.25
1953,-15492.75
1954,-19415.5
1955,-20182.5
1956,-23263.5
1957,-16633.5
1958,-20670.0
1959,-20748.0
1960,-24989.25
1961,-28629.25
1962,-25129.0
1963,-31443.75
1964,-37843.0
1965,-24618.75
1966,-12980.5
1967,-7101.25
1968,-10725.0
1969,-6851.0
1970,-7982.0
1971,-6561.75
1972,-11024.0
1973,-10546.25
1974,-12668.5
1975,-7796.75
1976,-13455.0
1977,-13913.25
1978,-15918.5
1979,-11388.0
1980,-10933.0
1981,-7699.25
1982,-7445.75
1983,-9217.0
1984,-13094.25
1985,-15431.0
1986,-14966.25
1987,-7952.75
1988,-11475.75
1989,-7767.5
1990,-8440.25
1991,-11511.5
1992,-16744.0
1993,-22392.5
1994,0.0
1995,0.0
1996,-4293.25
1997,0.0
1998,-3214.25
1999,-6646.25
2000,-9763.0
2001,-8186.75
2002,-12623.0
2003,-13260.0
2004,-17907.5
2005,-24654.5
2006,-30283.5
2007,-29419.0
2008,-32074.25
2009,-34177.0
2010,-38606.75
2011,-39591.5
2012,-40371.5
2013,-39653.25
2014,-44001.75
2015,-22191.0
2016,-22298.25
2017,-29025.75
2018,-36760.75
2019,-39526.5
2020,-27472.25
2021,-31573.75
2022,-38298.0
2023,-27342.25
2024,-31102.5
2025,-26646.75
2026,0.0
2027,-1212.25
2028,-4121.0
2029,-17390.75
2030,-28723.5
2031,0.0
2032,-1163.5
2033,0.0
2034,-12996.75
2035,-10913.5
2036,-8960.25
2037,-4787.25
2038,-14079.0
2039,-10647.0
2040,-7770.75
2041,-10851.75
2042,0.0
2043,-2119.0
2044,-8320.0
2045,-6584.5
2046,0.0
2047,-533.0
2048,-4286.75
2049,-516.75
2050,-5560.75
2051,0.0
2052,-5365.75
2053,-7146.75
2054,-2200.25
2055,-5954.0
2056,-12642.5
2057,-16604.25
2058,-17000.75
2059,-12333.75
2060,-17218.5
2061,-13763.75
2062,0.0
2063,0.0
2064,0.0
2065,-4361.5
2066,-2645.5
2067,-8732.75
2068,0.0
2069,0.0
2070,-3451.5
2071,-2018.25
2072,-11001.25
2073,-19870.5
2074,0.0
2075,-3435.25
2076,-12762.75
2077,0.0
2078,-4975.75
2079,-7904.0
2080,-12073.75
2081,-15200.25
2082,-6597.5
2083,-3805.75
2084,-7676.5
2085,-2304.25
2086,-9756.5
2087,-12366.25
2088,-17208.75
2089,-22428.25
2090,0.0
2091,-4036.5
2092,-11407.5
2093,-10855.0
2094,-12935.0
2095,-2999.75
2096,0.0
2097,0.0
2098,0.0
2099,0.0
2100,-5642.0
2101,-5356.0
2102,-10159.5
2103,0.0
2104,-1004.25
2105,-4946.5
2106,0.0
2107,0.0
2108,0.0
2109,0.0
2110,-4634.5
2111,-6594.25
2112,-1449.5
2113,-4764.5
2114,-2886.0
2115,0.0
2116,0.0
2117,0.0
2118,-4400.5
2119,-7744.75
2120,-12759.5
2121,-16324.75
2122,-18144.75
2123,-14166.75
2124,-18573.75
2125,-17036.5
2126,-21560.5
2127,-14745.25
2128,-17667.0
2129,-21794.5
2130,-19201.0
2131,-11979.5
2132,-15193.75
2133,-15190.5
2134,-17689.75
2135,-17494.75
2136,-20143.5
2137,-20884.5
2138,-18057.0
2139,-14322.75
2140,-13510.25
2141,-5934.5
2142,-3035.5
2143,-5983.25
2144,-3705.0
2145,-9252.75
2146,-7891.0
2147,-13503.75
2148,-22051.25
2149,-11878.75
2150,-7322.25
2151,-2996.5
2152,-1605.5
2153,-3029.0
2154,0.0
2155,0.0
2156,0.0
2157,-991.25
2158,0.0
2159,-3799.25
2160,-7338.5
2161,-6090.5
2162,-9204.0
2163,-3363.75
2164,-4504.5
2165,-13611.0
2166,-3669.25
2167,0.0
2168,-2249.0
2169,-4813.25
2170,-10770.5
2171,-12554.75
2172,-14995.5
2173,-18382.0
2174,-20910.5
2175,-23325.25
2176,-10205.0
2177,-9243.0
2178,-13763.75
2179,-8453.25
2180,-12593.75
2181,-13507.0
2182,-15908.75
2183,0.0
2184,-4273.75
2185,-8599.5
2186,-13412.75
2187,-13802.75
2188,-14599.0
2189,-17397.25
2190,-17420.0
2191,-15034.5
2192,-17078.75
2193,-23052.25
2194,-24739.0
2195,-6386.25
2196,-8157.5
2197,-3282.5
2198,0.0
2199,-5252.0
2200,-14443.0
2201,-23140.0
2202,-30527.25
2203,-23601.5
2204,-24654.5
2205,-3256.5
2206,-8346.0
2207,-4400.5
2208,-4212.0
2209,0.0
2210,-4293.25
2211,-7686.25
2212,-12707.5
2213,-12307.75
2214,-16107.0
2215,-17845.75
2216,-16669.25
2217,-18174.0
2218,-21482.5
2219,-25210.25
2220,-28941.25
2221,-28457.0
2222,-30771.0
2223,-10978.5
2224,0.0
2225,0.0
2226,-8193.25
2227,0.0
2228,-5174.0
2229,-9990.5
2230,-13026.0
2231,-15236.0
2232,-5096.0
2233,-8284.25
2234,-12483.25
2235,-12961.0
2236,-3406.0
2237,0.0
2238,-2226.25
2239,-5564.0
2240,-10247.25
2241,-6207.5
2242,-11375.0
2243,-15824.25
2244,-14872.0
2245,-14820.0
2246,-19669.0
2247,-12054.25
2248,-10357.75
2249,0.0
2250,-3526.25
2251,0.0
2252,-5960.5
2253,-16354.0
2254,-27628.25
2255,-31963.75
2256,-20332.0
2257,-27218.75
2258,-23663.25
2259,-24040.25
2260,-24352.25
2261,-27033.5
2262,-33429.5
2263,-31008.25
2264,-6990.75
2265,-18031.0
2266,-23650.25
2267,-19818.5
2268,-25928.5
2269,-31018.0
2270,-33995.0
2271,-38554.75
2272,-45626.75
2273,-43296.5
2274,-43728.75
2275,-47966.75
2276,-43384.25
2277,-28983.5
2278,-28135.25
2279,-29513.25
2280,-26227.5
2281,-30842.5
2282,-34108.75
2283,-37839.75
2284,-27183.0
2285,-33270.25
2286,-16285.75
2287,-26939.25
2288,-39325.0
2289,-33826.0
2290,-29480.75
2291,-39182.0
2292,-20462.0
2293,-19704.75
2294,-27592.5
2295,-27358.5
2296,-28063.75
2297,-32617.0
2298,-37735.75
2299,-25847.25
2300,-4748.25
2301,0.0
2302,-11680.5
2303,-6656.0
2304,-10214.75
2305,-11856.0
2306,-12821.25
2307,-8326.5
2308,0.0
2309,-3831.75
2310,-4585.75
2311,-7683.0
2312,-14992.25
2313,-22909.25
2314,-26438.75
2315,-32565.0
2316,-26253.5
2317,-30569.5
2318,0.0
2319,0.0
2320,-2580.5
2321,0.0
2322,0.0
2323,-9041.5
2324,-17020.25
2325,-4160.0
2326,-7189.0
2327,-9259.25
2328,-11449.75
2329,-13832.0
2330,-20143.5
2331,-17173.0
2332,-25385.75
2333,-12038.0
2334,-16571.75
2335,-16227.25
2336,-23348.0
2337,-30810.0
2338,-29623.75
2339,-23458.5
2340,-22587.5
2341,-8329.75
2342,-16844.75
2343,-16211.0
2344,-21394.75
2345,-29068.0
2346,-34810.75
2347,-31495.75
2348,-33371.0
2349,-36897.25
2350,-4992.0
2351,-17098.25
2352,-25532.0
2353,-31856.5
2354,-33943.0
2355,-44521.75
2356,-26003.25
2357,-39468.0
2358,-38925.25
2359,-19077.5
2360,-21424.0
2361,-21349.25
2362,-33306.0
2363,-37378.25
2364,-55175.25
2365,-53742.0
2366,-46273.5
2367,-55022.5
2368,-41869.75
2369,-50748.75
2370,-54593.5
2371,-58545.5
2372,-67275.0
2373,-57005.0
2374,-65165.75
2375,-73167.25
2376,-70889.0
2377,-73043.75
2378,-47992.75
2379,-28236.0
2380,-35522.5
2381,-37251.5
2382,-39676.0
2383,-44856.5
2384,-46904.0
2385,-52117.0
2386,-48525.75
2387,-47040.5
2388,-32431.75
2389,-25896.0
2390,0.0
2391,0.0
2392,0.0
2393,0.0
2394,0.0
2395,-143.0
2396,0.0
2397,0.0
2398,0.0
2399,-6942.0
2400,-11336.0
2401,-20627.75
2402,-24846.25
2403,0.0
2404,-2239.25
2405,0.0
2406,-5112.25
2407,-6708.0
2408,-14150.5
2409,0.0
2410,0.0
2411,0.0
2412,0.0
2413,-5489.25
2414,-5957.25
2415,-13250.25
2416,-16734.25
2417,0.0
2418,-5414.5
2419,-10019.75
2420,-14287.0
2421,-19386.25
2422,-24310.0
2423,0.0
2424,-4738.5
2425,-5528.25
2426,-10835.5
2427,-14485.25
2428,-6347.25
2429,-10585.25
2430,-6162.0
2431,-9616.75
2432,-12135.5
2433,-13848.25
2434,-16529.5
2435,-20380.75
2436,-10721.75
2437,-11433.5
2438,0.0
2439,0.0
2440,-4514.25
2441,-9220.25
2442,-1992.25
2443,-698.75
2444,-11401.0
2445,-13715.0
2446,-20036.25
2447,-27014.0
2448,-22945.0
2449,-25119.25
2450,-28704.0
2451,-32919.25
2452,-29919.5
2453,-17728.75
2454,-23058.75
2455,-25002.25
2456,-10803.0
2457,-16698.5
2458,-8284.25
2459,-10650.25
2460,0.0
2461,-5599.75
2462,-13819.0
2463,-20436.0
2464,-12762.75
2465,-25808.25
2466,-24310.0
2467,-22431.5
2468,-20683.0
2469,-28645.5
2470,-37076.0
2471,-16646.5
2472,-21898.5
2473,-49000.25
2474,-58610.5
2475,-54564.25
2476,-59078.5
2477,-53550.25
2478,-50202.75
2479,-55757.0
2480,-59250.75
2481,-67437.5
2482,-62413.0
2483,-24999.0
2484,-29071.25
2485,-34498.75
2486,-33575.75
2487,-38961.0
2488,-47245.25
2489,-40387.75
2490,-33016.75
2491,-43959.5
2492,-47518.25
2493,-51710.75
2494,-50154.0
2495,-52490.75
2496,-57203.25
2497,-64018.5
2498,-29961.75
2499,-34931.0
2500,-43199.0
2501,-47193.25
2502,-47417.5
2503,-52897.0
2504,-62734.75
2505,-71279.0
2506,-49835.5
2507,-60255.0
2508,-70356.0
2509,-60485.75
2510,-56602.0
2511,-52815.75
2512,-51398.75
2513,-29506.75
2514,-27124.5
2515,-34212.75
2516,-42110.25
2517,-44057.0
2518,-48883.25
2519,-54652.0
2520,-58259.5
2521,-64424.75
2522,-60196.5
2523,-59972.25
2524,-67554.5
2525,-56143.75
2526,-51779.0
2527,-41330.25
2528,-46208.5
2529,-44193.5
2530,-47788.0
2531,-51873.25
2532,-52598.0
2533,-55370.25
2534,-55880.5
2535,-59644.0
2536,-62010.0
2537,-65770.25
2538,-63771.5
2539,-66407.25
2540,-64314.25
2541,-43748.25
2542,-47817.25
2543,-34862.75
2544,-37163.75
2545,-38665.25
2546,-41470.0
2547,-35135.75
2548,-32701.5
2549,-35337.25
2550,-32256.25
2551,-34784.75
2552,-35883.25
2553,-4299.75
2554,-12642.5
2555,-3165.5
2556,-3942.25
2557,-4335.5
2558,-9551.75
2559,-17553.25
2560,-20800.0
2561,-15060.5
2562,-12275.25
2563,-10182.25
2564,-14423.5
2565,-12320.75
2566,-16220.75
2567,-10081.5
2568,-12421.5
2569,-12970.75
2570,-20013.5
2571,-19084.0
2572,-20962.5
2573,-14664.0
2574,-16968.25
2575,-21716.5
2576,-24196.25
2577,-25012.0
2578,-698.75
2579,-5372.25
2580,-11258.0
2581,-12457.25
2582,-16685.5
2583,-12106.25
2584,-11310.0
2585,-19399.25
2586,-13968.5
2587,-6899.75
2588,-8846.5
2589,-10458.5
2590,-13971.75
2591,-11878.75
2592,-14891.5
2593,-18109.0
2594,-16389.75
2595,-10351.25
2596,-14482.0
2597,-9096.75
2598,-13438.75
2599,-12623.0
2600,-18833.75
2601,-29549.0
2602,-37423.75
2603,-35327.5
2604,-39643.5
2605,-47521.5
2606,-46956.0
2607,-51912.25
2608,-35317.75
2609,-19825.0
2610,-14280.5
2611,-18557.5
2612,-13737.75
2613,-14517.75
2614,0.0
2615,-8047.0
2616,-17589.0
2617,-24433.5
2618,-28414.75
2619,-33871.5
2620,-35291.75
2621,-40829.75
2622,-45243.25
2623,-53566.5
2624,-55165.5
2625,-44391.75
2626,-43111.25
2627,-49400.0
2628,-63752.0
2629,-52149.5
2630,-48135.75
2631,-60911.5
2632,-66114.75
2633,-64629.5
2634,-67255.5
2635,-72640.75
2636,-65926.25
2637,-65055.25
2638,-63303.5
2639,-47368.75
2640,-44463.25
2641,-30624.75
2642,-37716.25
2643,-39565.5
2644,-40196.0
2645,-35548.5
2646,-45591.0
2647,-51135.5
2648,-52968.5
2649,-55750.5
2650,-61434.75
2651,-65838.5
2652,-67655.25
2653,-65640.25
2654,-68136.25
2655,-46871.5
2656,-48600.5
2657,-52315.25
2658,-52260.0
2659,-55727.75
2660,-57648.5
2661,-52468.0
2662,-51993.5
2663,-49140.0
2664,-39783.25
2665,-20689.5
2666,-23120.5
2667,-25593.75
2668,-25902.5
2669,-23253.75
2670,-27638.0
2671,-30891.25
2672,-33146.75
2673,-37475.75
2674,-40430.0
2675,-45386.25
2676,-41639.0
2677,-45158.75
2678,-43004.0
2679,-37391.25
2680,-40010.75
2681,-30254.25
2682,-33478.25
2683,-29623.75
2684,-32295.25
2685,-30719.0
2686,-33692.75
2687,-24521.25
2688,-16500.25
2689,-19025.5
2690,-19925.75
2691,-20865.0
2692,-23887.5
2693,-29263.0
2694,-30085.25
2695,-33332.0
2696,-35204.0
2697,-36582.0
2698,-30722.25
2699,-38493.0
2700,-44326.75
2701,-45337.5
2702,-47807.5
2703,-36790.0
2704,-22405.5
2705,-32451.25
2706,-37804.0
2707,-40829.75
2708,-42656.25
2709,-43845.75
2710,-48035.0
2711,-52526.5
2712,-48685.0
2713,-42519.75
2714,-29870.75
2715,-40205.75
2716,-33553.0
2717,-27660.75
2718,-35327.5
2719,-42922.75
2720,-49208.25
2721,-48080.5
2722,-45012.5
2723,-37540.75
2724,-38710.75
2725,-39373.75
2726,-42250.0
2727,-45867.25
2728,-42113.5
2729,-45188.0
2730,-47843.25
2731,-56091.75
2732,-56179.5
2733,-59712.25
2734,-62257.0
2735,-55987.75
2736,-56338.75
2737,-59117.5
2738,-54486.25
2739,-61025.25
2740,-60258.25
2741,-63339.25
2742,-69546.75
2743,-66839.5
2744,-67096.25
2745,-71581.25
2746,-76563.5
2747,-76274.25
2748,-78698.75
2749,-70294.25
2750,-72124.0
2751,-75679.5
2752,-76544.0
2753,-76800.75
2754,-78507.0
2755,-78828.75
2756,-67304.25
2757,-71646.25
2758,-54957.5
2759,-64951.25
2760,-78650.0
2761,-88985.0
2762,-90190.75
2763,-72549.75
2764,-63531.0
2765,-58194.5
2766,-60729.5
2767,-65061.75
2768,-64762.75
2769,-58493.5
2770,-62309.0
2771,-64229.75
2772,-65968.5
2773,-70882.5
2774,-70560.75
2775,-64077.0
2776,-66212.25
2777,-57083.0
2778,-50758.5
2779,-54697.5
2780,-54551.25
2781,-58119.75
2782,-60518.25
2783,-64535.25
2784,-47407.75
2785,-51889.5
2786,-45178.25
2787,-48662.25
2788,-52055.25
2789,-50735.75
2790,-53950.0
2791,-36260.25
2792,-35246.25
2793,-36510.5
2794,-23877.75
2795,-30065.75
2796,-13497.25
2797,-20705.75
2798,-31378.75
2799,-40459.25
2800,-35496.5
2801,-39620.75
2802,-46939.75
2803,-50791.0
2804,-56576.0
2805,-61938.5
2806,-58292.0
2807,-48486.75
2808,-53670.5
2809,-54817.75
2810,-46754.5
2811,-48581.0
2812,-54128.75
2813,-59319.0
2814,-59543.25
2815,-60381.75
2816,-61798.75
2817,-41509.0
2818,-44937.75
2819,-35655.75
2820,-40534.0
2821,-41463.5
2822,-45467.5
2823,-45132.75
2824,-47654.75
2825,-47609.25
2826,-49624.25
2827,-45597.5
2828,-46202.0
2829,-53290.25
2830,-54340.0
2831,-55562.0
2832,-55604.25
2833,-59003.75
2834,-61197.5
2835,-64083.5
2836,-65741.0
2837,-67824.25
2838,-67941.25
2839,-58288.75
2840,-59692.75
2841,-36175.75
2842,-34797.75
2843,-31963.75
2844,-32038.5
2845,-23195.25
2846,-24358.75
2847,-30023.5
2848,-34326.5
2849,-36637.25
2850,-38899.25
2851,-31629.0
2852,-16757.0
2853,-15661.75
2854,-12824.5
2855,-5593.25
2856,-8856.25
2857,-4933.5
2858,-4852.25
2859,-6425.25
2860,-633.75
2861,0.0
2862,-3279.25
2863,-6116.5
2864,-9155.25
2865,-13724.75
2866,-11703.25
2867,-12808.25
2868,-15665.0
2869,-21372.0
2870,-26201.5
2871,-28268.5
2872,-34495.5
2873,-35912.5
2874,-34677.5
2875,-24901.5
2876,-16867.5
2877,-8547.5
2878,-12460.5
2879,-15938.0
2880,-16328.0
2881,-13133.25
2882,-8359.0
2883,-2691.0
2884,-5401.5
2885,-7634.25
2886,-9772.75
2887,-14010.75
2888,-11534.25
2889,-14872.0
2890,-16324.75
2891,-893.75
2892,-8609.25
2893,0.0
2894,-5193.5
2895,-6165.25
2896,-8589.75
2897,-6311.5
2898,-3614.0
2899,-7679.75
2900,-11160.5
2901,-14277.25
2902,-17741.75
2903,-21632.0
2904,-28674.75
2905,-28171.0
2906,-29961.75
2907,-29064.75
2908,-28743.0
2909,-14807.0
2910,-20208.5
2911,-23104.25
2912,-26715.0
2913,-28008.5
2914,-32431.75
2915,-33972.25
2916,-28798.25
2917,-31713.5
2918,-31398.25
2919,-26331.5
2920,-31603.0
2921,-36588.5
2922,-31157.75
2923,-36231.0
2924,-36780.25
2925,-30598.75
2926,-33072.0
2927,-39897.0
2928,-30774.25
2929,-33523.75
2930,-28229.5
2931,-23507.25
2932,-30403.75
2933,-30923.75
2934,-32786.0
2935,-35607.0
2936,-33982.0
2937,-30472.0
2938,-24846.25
2939,-28928.25
2940,-25889.5
2941,-27238.25
2942,-31372.25
2943,-32006.0
2944,-29883.75
2945,-34589.75
2946,-36806.25
2947,-40683.5
2948,-46468.5
2949,-45110.0
2950,-48434.75
2951,-44791.5
2952,-32360.25
2953,-31827.25
2954,-34268.0
2955,-36754.25
2956,-43842.5
2957,-44560.75
2958,-38093.25
2959,-22977.5
2960,-25359.75
2961,-28717.0
2962,-29786.25
2963,-29282.5
2964,-34671.0
2965,-11644.75
2966,-14953.25
2967,-12239.5
2968,-16809.0
2969,-17826.25
2970,-22756.5
2971,-27573.0
2972,-3848.0
2973,-7852.0
2974,-12278.5
2975,-15135.25
2976,-11102.0
2977,-12723.75
2978,-11134.5
2979,-7263.75
2980,-435.5
2981,0.0
2982,0.0
2983,-10354.5
2984,-9304.75
2985,-1755.0
2986,-7907.25
2987,0.0
2988,0.0
2989,0.0
2990,-5502.25
2991,-6129.5
2992,-8089.25
2993,-12262.25
2994,-3744.0
2995,-5577.0
2996,0.0
2997,0.0
2998,-2759.25
2999,0.0
3000,-1326.0
3001,-5713.5
3002,-10052.25
3003,-14660.75
3004,-18622.5
3005,-3510.0
3006,-5505.5
3007,-3779.75
3008,-2577.25
3009,0.0
3010,-10071.75
3011,-8654.75
3012,-12629.5
3013,-5333.25
3014,-2392.0
3015,-1595.75
3016,-4394.0
3017,-7715.5
3018,-8355.75
3019,-6691.75
3020,-8450.0
3021,0.0
3022,-3552.25
3023,0.0
3024,-5040.75
3025,-2089.75
3026,-5830.5
3027,-10647.0
3028,-15921.75
3029,-17163.25
3030,-19227.0
3031,-18079.75
3032,-8212.75
3033,0.0
3034,-1433.25
3035,-1946.75
3036,-10416.25
3037,-13659.75
3038,0.0
3039,0.0
3040,-4036.5
3041,-965.25
3042,-8017.75
3043,-6704.75
3044,-9698.0
3045,-1394.25
3046,-3825.25
3047,-3698.5
3048,0.0
3049,-4517.5
3050,-3789.5
3051,0.0
3052,-2034.5
3053,-6480.5
3054,-7241.0
3055,-6145.75
3056,0.0
3057,0.0
3058,-8261.5
3059,0.0
3060,0.0
3061,-1527.5
3062,-15642.25
3063,-19025.5
3064,-27660.75
3065,-35899.5
3066,-21115.25
3067,-29139.5
3068,-36959.0
3069,-37540.75
3070,-36604.75
3071,-16133.0
3072,-11787.75
3073,-5112.25
3074,-19048.25
3075,-17208.75
3076,-18096.0
3077,-24869.0
3078,-27657.5
3079,-27940.25
3080,-34768.5
3081,-40231.75
3082,-31742.75
3083,-37823.5
3084,-39003.25
3085,-43179.5
3086,-50466.0
3087,-61184.5
3088,-68796.0
3089,-41106.0
3090,-43225.0
3091,-47804.25
3092,-54515.5
3093,-56693.0
3094,-48798.75
3095,-38736.75
3096,-36110.75
3097,-40183.0
3098,-46163.0
3099,-50495.25
3100,-44375.5
3101,-22613.5
3102,-22259.25
3103,-25434.5
3104,-27790.75
3105,-20419.75
3106,-18619.25
3107,-26815.75
3108,-11482.25
3109,-9350.25
3110,-4917.25
3111,-9516.0
3112,-17319.25
3113,-24830.0
3114,-19737.25
3115,-27394.25
3116,-32548.75
3117,-33887.75
3118,-45659.25
3119,-45951.75
3120,-49666.5
3121,-48226.75
3122,-47651.5
3123,-44827.25
3124,-49780.25
3125,-34862.75
3126,-40829.75
3127,-47105.5
3128,-49517.0
3129,-54889.25
3130,-60021.0
3131,-59621.25
3132,-67804.75
3133,-79144.0
3134,-86541.0
3135,-90168.0
3136,-94838.25
3137,-88094.5
3138,-93431.0
3139,-95621.5
3140,-96830.5
3141,-97214.0
3142,-62634.0
3143,-62237.5
3144,-68734.25
3145,-77918.75
3146,-68454.75
3147,-44050.5
3148,-48236.5
3149,-49692.5
3150,-53131.0
3151,-60274.5
3152,-69221.75
3153,-69361.5
3154,-69819.75
3155,-56631.25
3156,-56176.25
3157,-59348.25
3158,-49757.5
3159,-54327.0
3160,-47411.0
3161,-50781.25
3162,-37033.75
3163,-40807.0
3164,-39669.5
3165,-41801.5
3166,-50992.5
3167,-43394.0
3168,-49097.75
3169,-55666.0
3170,-62517.0
3171,-69940.0
3172,-77161.5
3173,-88013.25
3174,-92914.25
3175,-76134.5
3176,-81432.0
3177,-82819.75
3178,-88058.75
3179,-65113.75
3180,-71571.5
3181,-73615.75
3182,-59273.5
3183,-65565.5
3184,-56257.5
3185,-59475.0
3186,-65182.0
3187,-69303.0
3188,-109291.0
3189,-128521.25
3190,-72689.5
3191,-27446.25
3192,-42721.25
3193,-20718.75
3194,-26100.75
3195,-30741.75
3196,-35038.25
3197,-34567.0
3198,-40287.0
3199,-45821.75
3200,-52380.25
3201,-47664.5
3202,-52191.75
3203,-56862.0
3204,-62585.25
3205,-68974.75
3206,-73073.0
3207,-81263.0
3208,-87600.5
3209,-54301.0
3210,-58750.25
3211,-66056.25
3212,-73037.25
3213,-74941.75
3214,-83954.0
3215,-78737.75
3216,-77324.0
3217,-71119.75
3218,-66339.0
3219,-69816.5
3220,-73619.0
3221,-62208.25
3222,-67765.75
3223,-65832.0
3224,-68627.0
3225,-75910.25
3226,-83044.0
3227,-78721.5
3228,-69686.5
3229,-76157.25
3230,-79950.0
3231,-93414.75
3232,-100379.5
3233,-113220.25
3234,-123578.0
3235,-90340.25
3236,-90424.75
3237,-91630.5
3238,-94071.25
3239,-91546.0
3240,-94919.5
3241,-107155.75
3242,-60996.0
3243,-59520.5
3244,-68727.75
3245,-72741.5
3246,-78286.0
3247,-88276.5
3248,-100847.5
3249,-105924.0
3250,-111309.25
3251,-110753.5
3252,-109603.0
3253,-116327.25
3254,-124260.5
3255,-103990.25
3256,-108608.5
3257,-106405.0
3258,-113532.25
3259,-107178.5
3260,-112121.75
3261,-115674.0
3262,-119512.25
3263,-119801.5
3264,-122349.5
3265,-128131.25
3266,-138680.75
3267,-133120.0
3268,-135492.5
3269,-148226.0
3270,-153361.0
3271,-153585.25
3272,-137163.0
3273,-128713.0
3274,-130926.25
3275,-136324.5
3276,-137140.25
3277,-114601.5
3278,-118842.75
3279,-121062.5
3280,-125762.0
3281,-128326.25
3282,-136295.25
3283,-143419.25
3284,-147137.25
3285,-138554.0
3286,-148183.75
3287,-138515.0
3288,-139694.75
3289,-123327.75
3290,-103905.75
3291,-112875.75
3292,-81672.5
3293,-80882.75
3294,-54135.25
3295,-50267.75
3296,-58912.75
3297,-56400.5
3298,-56173.0
3299,-66150.5
3300,-72770.75
3301,-70222.75
3302,-65370.5
3303,-68770.0
3304,-51584.0
3305,-44050.5
3306,-46299.5
3307,-53764.75
3308,-61519.25
3309,-70554.25
3310,-61925.5
3311,-71155.5
3312,-70398.25
3313,-78705.25
3314,-70050.5
3315,-56933.5
3316,-52432.25
3317,-48516.0
3318,-40280.5
3319,-48350.25
3320,-38655.5
3321,-42994.25
3322,-52780.0
3323,-30273.75
3324,-20663.5
3325,-29571.75
3326,-33572.5
3327,-30631.25
3328,-30052.75
3329,-40335.75
3330,-7345.0
3331,0.0
3332,0.0
3333,0.0
3334,-6561.75
3335,-15671.5
3336,-19584.5
3337,-19883.5
3338,-7897.5
3339,-8134.75
3340,-16864.25
3341,-1137.5
3342,-8794.5
3343,-14885.0
3344,-19997.25
3345,-12974.0
3346,-15843.75
3347,-20861.75
3348,-22717.5
3349,-23227.75
3350,-7127.25
3351,0.0
3352,0.0
3353,-11014.25
3354,-4962.75
3355,-6051.5
3356,-7384.0
3357,-8739.25
3358,-14131.0
3359,-22080.5
3360,-29227.25
3361,-28437.5
3362,-28782.0
3363,-31775.25
3364,-20543.25
3365,-23858.25
3366,-32971.25
3367,-7338.5
3368,-9116.25
3369,-17286.75
3370,-22080.5
3371,-31941.0
3372,-20572.5
3373,-27023.75
3374,-25382.5
3375,-30264.0
3376,-27527.5
3377,-33517.25
3378,-19916.0
3379,-23166.0
3380,-27361.75
3381,-29965.0
3382,-39737.75
3383,-49747.75
3384,-54658.5
3385,-51938.25
3386,-56605.25
3387,-70229.25
3388,-67037.75
3389,-61252.75
3390,-66137.5
3391,-72224.75
3392,-78494.0
3393,-82761.25
3394,-64093.25
3395,-57567.25
3396,-62331.75
3397,-69117.75
3398,-80902.25
3399,-79865.5
3400,-83755.75
3401,-71659.25
3402,-77834.25
3403,-86755.5
3404,-83827.25
3405,-78906.75
3406,-90015.25
3407,-83466.5
3408,-78861.25
3409,-83967.0
3410,-85540.0
3411,-92365.0
3412,-62520.25
3413,-65406.25
3414,-75445.5
3415,-76092.25
3416,-61997.0
3417,-67804.75
3418,-76521.25
3419,-81042.0
3420,-86209.5
3421,-91900.25
3422,-98081.75
3423,-102501.75
3424,-97542.25
3425,-108316.0
3426,-105469.0
3427,-109206.5
3428,-111530.25
3429,-115989.25
3430,-99277.75
3431,-110168.5
3432,-114439.0
3433,-125261.5
3434,-134891.25
3435,-124338.5
3436,-133233.75
3437,-141241.75
3438,-150468.5
3439,-146490.5
3440,-153666.5
3441,-157430.0
3442,-151862.75
3443,-153049.0
3444,-151680.75
3445,-152174.75
3446,-156724.75
3447,-143643.5
3448,-148804.5
3449,-113438.0
3450,-125570.25
3451,-112313.5
3452,-102446.5
3453,-103938.25
3454,-110441.5
3455,-120321.5
3456,-125554.0
3457,-135385.25
3458,-124072.0
3459,-125817.25
3460,-47820.5
3461,-17442.75
3462,-35522.5
3463,-31625.75
3464,-61152.0
3465,-60797.75
3466,-67028.0
3467,-68493.75
3468,-73823.75
3469,-30075.5
3470,-35324.25
3471,-38044.5
3472,-48535.5
3473,-57895.5
3474,-65698.75
3475,-66836.25
3476,-70323.5
3477,-77964.25
3478,-66153.75
3479,-67765.75
3480,-76209.25
3481,-66972.75
3482,-77736.75
3483,-85709.0
3484,-90229.75
3485,-96346.25
3486,-104045.5
3487,-102947.0
3488,-100808.5
3489,-100158.5
3490,-101634.0
3491,-106291.25
3492,-119671.5
3493,-105300.0
3494,-99937.5
3495,-103785.5
3496,-106177.5
3497,-111462.0
3498,-120734.25
3499,-107048.5
3500,-95494.75
3501,-94857.75
3502,-81523.0
3503,-62159.5
3504,-64730.25
3505,-70554.25
3506,-72094.75
3507,-78445.25
3508,-81532.75
3509,-83512.0
3510,-80424.5
3511,-85146.75
3512,-82985.5
3513,-75390.25
3514,-79540.5
3515,-60388.25
3516,-64057.5
3517,-62855.0
3518,-64470.25
3519,-70031.0
3520,-46631.0
3521,-50888.5
3522,-54629.25
3523,-44174.0
3524,-44226.0
3525,-48496.5
3526,-47498.75
3527,-49874.5
3528,-55081.0
3529,-50511.5
3530,-56462.25
3531,-60069.75
3532,-77512.5
3533,-80973.75
3534,-79719.25
3535,-70297.5
3536,-79088.75
3537,-69446.0
3538,-66049.75
3539,-68029.0
3540,-64691.25
3541,-62861.5
3542,-59543.25
3543,-55835.0
3544,-30784.0
3545,-26932.75
3546,-30605.25
3547,-35353.5
3548,-39373.75
3549,-41047.5
3550,-29393.0
3551,-34541.0
3552,-41028.0
3553,-39022.75
3554,-43998.5
3555,-41180.75
3556,-21700.25
3557,-30247.75
3558,-29159.0
3559,-32259.5
3560,-39256.75
3561,-36084.75
3562,-23702.25
3563,-24534.25
3564,-26747.5
3565,-33143.5
3566,-26526.5
3567,-23393.5
3568,-18076.5
3569,-8453.25
3570,-12070.5
3571,-18229.25
3572,-21368.75
3573,-1784.25
3574,-4832.75
3575,-4166.5
3576,-8164.0
3577,-3747.25
3578,0.0
3579,0.0
3580,0.0
3581,-6337.5
3582,-3675.75
3583,0.0
3584,0.0
3585,0.0
3586,-3682.25
3587,-13312.0
3588,-14748.5
3589,-9662.25
3590,-14800.5
3591,-8245.25
3592,-10923.25
3593,-5320.25
3594,-7263.75
3595,0.0
3596,-2317.25
3597,-7562.75
3598,-7832.5
3599,-13448.5
3600,-8749.0
3601,-14855.75
3602,-16718.0
3603,-19695.0
3604,0.0
3605,-3679.0
3606,-5664.75
3607,-11167.0
3608,-16068.0
3609,-11254.75
3610,-18645.25
3611,-4176.25
3612,-11189.75
3613,-16126.5
3614,-13763.75
3615,-17771.0
3616,-23140.0
3617,-16978.0
3618,-19422.0
3619,-23107.5
3620,-22064.25
3621,-14251.25
3622,-21615.75
3623,-3006.25
3624,-16289.0
3625,-21856.25
3626,-33985.25
3627,-32828.25
3628,-22418.5
3629,-18255.25
3630,-24973.0
3631,-32877.0
3632,-34294.0
3633,-40501.5
3634,-48867.0
3635,-44973.5
3636,-40111.5
3637,-47658.0
3638,-43826.25
3639,-48301.5
3640,-45916.0
3641,-53972.75
3642,-57564.0
3643,-62702.25
3644,-58951.75
3645,-58454.5
3646,-64025.0
3647,-61077.25
3648,-57229.25
3649,-35818.25
3650,-39390.0
3651,-39126.75
3652,-36338.25
3653,-32366.75
3654,-34024.25
3655,-37251.5
3656,-40751.75
3657,-27092.0
3658,-25164.75
3659,-28359.5
3660,-29666.0
3661,-33527.0
3662,-29773.25
3663,-33933.25
3664,-35386.0
3665,-18941.0
3666,-20205.25
3667,-22181.25
3668,-6864.0
3669,-4225.0
3670,-5885.75
3671,-260.0
3672,0.0
3673,-1677.0
3674,-7377.5
3675,-12135.5
3676,-11843.0
3677,-3880.5
3678,-7962.5
3679,-12694.5
3680,-11306.75
3681,-18346.25
3682,-19698.25
3683,-19958.25
3684,-26110.5
3685,-13149.5
3686,-18278.0
3687,-21128.25
3688,-15593.5
3689,-20208.5
3690,-17953.0
3691,-22652.5
3692,-26422.5
3693,-15466.75
3694,-19766.5
3695,-14355.25
3696,-20553.0
3697,-26055.25
3698,-16003.0
3699,-20156.5
3700,0.0
3701,0.0
3702,0.0
3703,-2775.5
3704,-6626.75
3705,-5222.75
3706,0.0
3707,-5242.25
3708,0.0
3709,-994.5
3710,-13809.25
3711,-20068.75
3712,-25057.5
3713,-31898.75
3714,-28934.75
3715,-23039.25
3716,-27517.75
3717,-32815.25
3718,-39546.0
3719,-44092.75
3720,-48662.25
3721,-51281.75
3722,-23923.25
3723,0.0
3724,-4946.5
3725,-8417.5
3726,0.0
3727,-4927.0
3728,-12717.25
3729,0.0
3730,-3454.75
3731,-11888.5
3732,0.0
3733,0.0
3734,-7471.75
3735,-9012.25
3736,-14592.5
3737,-13549.25
3738,0.0
3739,0.0
3740,-5713.5
3741,-10868.0
3742,-3698.5
3743,0.0
3744,0.0
3745,-5310.5
3746,0.0
3747,-23491.0
3748,-30608.5
3749,-28180.75
3750,-37316.5
3751,-42393.0
3752,-2525.25
3753,0.0
3754,0.0
3755,-8482.5
3756,0.0
3757,0.0
3758,-9659.0
3759,-25483.25
3760,-24963.25
3761,-31196.75
3762,0.0
3763,-7549.75
3764,-27046.5
3765,0.0
3766,0.0
3767,-13770.25
3768,0.0
3769,0.0
3770,-13757.25
3771,0.0
3772,-4894.5
3773,-5521.75
3774,0.0
3775,0.0
3776,0.0
3777,0.0
3778,-9906.0
3779,-14088.75
3780,-19165.25
3781,-18489.25
3782,-5099.25
3783,-11479.0
3784,0.0
3785,0.0
3786,-2132.0
3787,0.0
3788,0.0
3789,0.0
3790,0.0
3791,0.0
3792,-4348.5
3793,0.0
3794,0.0
3795,-20341.75
3796,-24310.0
3797,-30153.5
3798,-4719.0
3799,-9938.5
3800,-18502.25
3801,-7042.75
3802,0.0
3803,0.0
3804,0.0
3805,0.0
3806,-5788.25
3807,-6669.0
3808,-21508.5
3809,-18742.75
3810,-16295.5
3811,-21193.25
3812,-25493.0
3813,-33787.0
3814,-7166.25
3815,-6165.25
3816,0.0
3817,0.0
3818,-8755.5
3819,-14735.5
3820,-6350.5
3821,-1020.5
3822,0.0
3823,-2063.75
3824,-16659.5
3825,-4498.0
